,Sequence_Name,mcg,gvh,alm,mit,erl,pox,vac,nuc,localization_site
0,ADT1_YEAST,0.58,0.61,0.47,0.13,0.5,0.0,0.48,0.22,MIT
1,ADT2_YEAST,0.43,0.67,0.48,0.27,0.5,0.0,0.53,0.22,MIT
2,ADT3_YEAST,0.64,0.62,0.49,0.15,0.5,0.0,0.53,0.22,MIT
3,AAR2_YEAST,0.58,0.44,0.57,0.13,0.5,0.0,0.54,0.22,NUC
4,AATM_YEAST,0.42,0.44,0.48,0.54,0.5,0.0,0.48,0.22,MIT
5,AATC_YEAST,0.51,0.4,0.56,0.17,0.5,0.5,0.49,0.22,CYT
6,ABC1_YEAST,0.5,0.54,0.48,0.65,0.5,0.0,0.53,0.22,MIT
7,BAF1_YEAST,0.48,0.45,0.59,0.2,0.5,0.0,0.58,0.34,NUC
8,ABF2_YEAST,0.55,0.5,0.66,0.36,0.5,0.0,0.49,0.22,MIT
9,ABP1_YEAST,0.4,0.39,0.6,0.15,0.5,0.0,0.58,0.3,CYT
10,ACE1_YEAST,0.43,0.39,0.54,0.21,0.5,0.0,0.53,0.27,NUC
11,ACE2_YEAST,0.42,0.37,0.59,0.2,0.5,0.0,0.52,0.29,NUC
12,ACH1_YEAST,0.4,0.42,0.57,0.35,0.5,0.0,0.53,0.25,CYT
13,ACON_YEAST,0.6,0.4,0.52,0.46,0.5,0.0,0.53,0.22,MIT
14,ACR1_YEAST,0.66,0.55,0.45,0.19,0.5,0.0,0.46,0.22,MIT
15,ACT_YEAST,0.46,0.44,0.52,0.11,0.5,0.0,0.5,0.22,CYT
16,ACT2_YEAST,0.47,0.39,0.5,0.11,0.5,0.0,0.49,0.4,CYT
17,ACT3_YEAST,0.58,0.47,0.54,0.11,0.5,0.0,0.51,0.26,NUC
18,ACT5_YEAST,0.5,0.34,0.55,0.21,0.5,0.0,0.49,0.22,NUC
19,ADA2_YEAST,0.61,0.6,0.55,0.21,0.5,0.0,0.5,0.25,NUC
20,C1TC_YEAST,0.45,0.4,0.5,0.16,0.5,0.0,0.5,0.22,CYT
21,PUR4_YEAST,0.43,0.44,0.48,0.22,0.5,0.0,0.51,0.22,CYT
22,PUR3_YEAST,0.73,0.63,0.42,0.3,0.5,0.0,0.49,0.22,CYT
23,ADH1_YEAST,0.43,0.53,0.52,0.13,0.5,0.0,0.55,0.22,CYT
24,ADH2_YEAST,0.46,0.53,0.52,0.15,0.5,0.0,0.58,0.22,CYT
25,ADH3_YEAST,0.51,0.51,0.52,0.51,0.5,0.0,0.54,0.22,MIT
26,ADH4_YEAST,0.59,0.45,0.53,0.19,0.5,0.0,0.59,0.27,CYT
27,KAD1_YEAST,0.57,0.47,0.6,0.18,0.5,0.0,0.51,0.22,CYT
28,KAD2_YEAST,0.63,0.67,0.57,0.24,0.5,0.0,0.49,0.22,MIT
29,ADP1_YEAST,0.8,0.88,0.36,0.39,0.5,0.0,0.56,0.33,ME1
30,ADR1_YEAST,0.53,0.54,0.43,0.1,0.5,0.0,0.57,0.32,NUC
31,AFG3_YEAST,0.51,0.51,0.43,0.87,0.5,0.0,0.52,0.22,MIT
32,AFR1_YEAST,0.38,0.61,0.61,0.12,0.5,0.0,0.53,0.47,CYT
33,RCS1_YEAST,0.33,0.55,0.51,0.43,0.5,0.0,0.51,0.22,NUC
34,AGA1_YEAST,0.78,0.74,0.42,0.26,0.5,0.0,0.43,0.22,ME1
35,AGA2_YEAST,0.74,0.67,0.47,0.34,0.5,0.0,0.42,0.22,EXC
36,YMX1_YEAST,0.72,0.61,0.45,0.3,0.5,0.0,0.54,0.25,MIT
37,SYAC_YEAST,0.4,0.45,0.57,0.18,0.5,0.0,0.56,0.26,CYT
38,DHA1_YEAST,0.59,0.53,0.43,0.44,0.5,0.0,0.5,0.22,MIT
39,DHA2_YEAST,0.57,0.53,0.53,0.34,0.5,0.0,0.53,0.22,MIT
40,ALG1_YEAST,0.86,0.68,0.39,0.24,0.5,0.0,0.54,0.22,ME2
41,ALG5_YEAST,0.86,0.74,0.51,0.4,0.5,0.0,0.55,0.22,ME2
42,GPT_YEAST,0.79,0.57,0.41,0.28,0.5,0.0,0.59,0.22,ME2
43,ALG8_YEAST,0.41,0.54,0.39,0.2,0.5,0.0,0.51,0.22,ME3
44,MAN1_YEAST,0.37,0.36,0.56,0.18,0.5,0.0,0.48,0.26,VAC
45,ANC1_YEAST,0.53,0.31,0.58,0.39,0.5,0.0,0.47,0.37,NUC
46,ANP1_YEAST,0.74,0.75,0.58,0.47,0.5,0.0,0.4,0.35,ME2
47,APE2_YEAST,0.49,0.39,0.52,0.29,0.5,0.0,0.48,0.22,EXC
48,APE3_YEAST,0.74,0.57,0.51,0.28,0.5,0.0,0.58,0.22,VAC
49,ALP1_YEAST,0.42,0.24,0.34,0.16,0.5,0.0,0.5,0.22,ME3
50,ADB2_YEAST,0.48,0.39,0.51,0.21,0.5,0.0,0.52,0.28,CYT
51,YHB9_YEAST,0.41,0.53,0.45,0.14,0.5,0.0,0.52,0.66,ME3
52,APN1_YEAST,0.45,0.46,0.55,0.43,0.5,0.0,0.55,0.38,NUC
53,ARD1_YEAST,0.56,0.48,0.58,0.27,0.5,0.0,0.51,0.22,CYT
54,ARF1_YEAST,0.64,0.59,0.56,0.23,0.5,0.0,0.46,0.22,CYT
55,ARF2_YEAST,0.64,0.56,0.56,0.22,0.5,0.0,0.45,0.22,CYT
56,ASSY_YEAST,0.66,0.62,0.49,0.1,0.5,0.0,0.49,0.22,CYT
57,OTC_YEAST,0.53,0.44,0.51,0.33,0.5,0.0,0.55,0.22,CYT
58,ARLY_YEAST,0.38,0.49,0.53,0.19,0.5,0.0,0.5,0.22,CYT
59,AR56_YEAST,0.45,0.58,0.48,0.67,0.5,0.0,0.52,0.22,MIT
60,ARGD_YEAST,0.43,0.35,0.52,0.52,0.5,0.0,0.54,0.22,MIT
61,ARG1_YEAST,0.37,0.32,0.47,0.18,0.5,0.0,0.45,0.25,NUC
62,ARG2_YEAST,0.48,0.43,0.51,0.32,0.5,0.0,0.52,0.43,NUC
63,ARG3_YEAST,0.41,0.46,0.59,0.19,0.5,0.0,0.58,0.27,NUC
64,ARO1_YEAST,0.54,0.48,0.44,0.08,0.5,0.0,0.52,0.27,CYT
65,AROC_YEAST,0.6,0.47,0.45,0.22,0.5,0.0,0.51,0.29,CYT
66,AROF_YEAST,0.34,0.46,0.57,0.09,0.5,0.0,0.55,0.22,CYT
67,AROG_YEAST,0.48,0.54,0.55,0.12,0.5,0.0,0.51,0.22,CYT
68,CHMU_YEAST,0.47,0.39,0.59,0.15,0.5,0.0,0.57,0.22,CYT
69,ASG2_YEAST,0.81,0.85,0.47,0.37,0.5,0.0,0.56,0.22,EXC
70,AST1_YEAST,0.48,0.42,0.52,0.24,0.5,0.0,0.56,0.22,CYT
71,ATE1_YEAST,0.58,0.51,0.49,0.27,0.5,0.0,0.57,0.29,CYT
72,ATM1_YEAST,0.6,0.5,0.44,0.61,0.5,0.0,0.47,0.22,MIT
73,ATPA_YEAST,0.45,0.55,0.54,0.66,0.5,0.0,0.47,0.22,MIT
74,ATPY_YEAST,0.46,0.49,0.58,0.23,0.5,0.0,0.44,0.22,MIT
75,ATPS_YEAST,0.49,0.42,0.56,0.55,0.5,0.0,0.42,0.25,MIT
76,ATPT_YEAST,0.63,0.53,0.54,0.4,0.5,0.0,0.5,0.22,MIT
77,ATPU_YEAST,0.5,0.54,0.53,0.54,0.5,0.0,0.51,0.27,MIT
78,ATPE_YEAST,0.63,0.57,0.59,0.4,0.5,0.0,0.38,0.22,MIT
79,ATPB_YEAST,0.43,0.57,0.51,0.49,0.5,0.0,0.48,0.22,MIT
80,ATPG_YEAST,0.48,0.45,0.55,0.5,0.5,0.0,0.53,0.22,MIT
81,ATPD_YEAST,0.5,0.58,0.46,0.46,0.5,0.0,0.46,0.22,MIT
82,ATPO_YEAST,0.51,0.54,0.6,0.57,0.5,0.0,0.58,0.22,MIT
83,ATP7_YEAST,0.54,0.52,0.63,0.37,0.5,0.0,0.46,0.22,MIT
84,ATP8_YEAST,0.67,0.62,0.4,0.43,0.5,0.83,0.5,0.22,MIT
85,ATR1_YEAST,0.28,0.58,0.21,0.13,0.5,0.0,0.51,0.22,ME3
86,YBR8_YEAST,0.39,0.44,0.35,0.16,0.5,0.0,0.55,0.22,ME3
87,BAR1_YEAST,0.8,0.63,0.45,0.29,0.5,0.0,0.51,0.22,EXC
88,BAS1_YEAST,0.5,0.52,0.59,0.3,0.5,0.0,0.51,0.35,NUC
89,BCK1_YEAST,0.42,0.47,0.52,0.41,0.5,0.0,0.53,0.32,CYT
90,BCK2_YEAST,0.36,0.46,0.62,0.46,0.5,0.0,0.51,0.33,CYT
91,BCS1_YEAST,0.46,0.38,0.47,0.22,0.5,0.0,0.52,0.27,MIT
92,KAPR_YEAST,0.4,0.45,0.56,0.2,0.5,0.0,0.45,0.22,CYT
93,BDF1_YEAST,0.33,0.43,0.64,0.16,0.5,0.0,0.52,0.52,NUC
94,BEM1_YEAST,0.49,0.61,0.49,0.25,0.5,0.0,0.5,0.28,CYT
95,BET1_YEAST,0.38,0.5,0.37,0.26,0.5,0.0,0.43,0.22,ME3
96,BGL2_YEAST,0.69,0.7,0.52,0.36,0.5,0.0,0.46,0.22,EXC
97,CYBM_YEAST,0.61,0.72,0.39,0.33,0.5,0.0,0.58,0.22,MIT
98,YMC4_YEAST,0.78,0.75,0.4,0.28,0.5,0.0,0.53,0.22,MIT
99,BIK1_YEAST,0.64,0.57,0.57,0.27,0.5,0.0,0.37,0.22,CYT
100,BOS1_YEAST,0.36,0.58,0.35,0.24,0.5,0.0,0.44,0.22,ME3
101,BSD2_YEAST,0.36,0.43,0.39,0.12,0.5,0.0,0.49,0.22,ME3
102,BUD5_YEAST,0.47,0.52,0.5,0.4,0.5,0.0,0.41,0.22,CYT
103,CAD1_YEAST,0.48,0.23,0.57,0.27,0.5,0.0,0.48,0.47,NUC
104,CAP2_YEAST,0.47,0.39,0.55,0.24,0.5,0.0,0.47,0.22,CYT
105,CAN1_YEAST,0.44,0.59,0.36,0.16,0.5,0.0,0.52,0.22,ME3
106,CAPA_YEAST,0.42,0.35,0.54,0.18,0.5,0.0,0.56,0.22,CYT
107,CAPB_YEAST,0.3,0.56,0.55,0.18,0.5,0.0,0.5,0.22,CYT
108,ARGI_YEAST,0.65,0.65,0.52,0.16,0.5,0.0,0.6,0.22,CYT
109,OAT_YEAST,0.27,0.6,0.48,0.23,0.5,0.0,0.55,0.22,CYT
110,CACP_YEAST,0.45,0.41,0.5,0.46,0.5,0.5,0.5,0.27,POX
111,CAT8_YEAST,0.44,0.52,0.41,0.23,0.5,0.0,0.51,0.22,NUC
112,CBF1_YEAST,0.3,0.32,0.57,0.19,0.5,0.0,0.48,0.55,NUC
113,CB32_YEAST,0.4,0.44,0.49,0.47,0.5,0.0,0.49,0.27,NUC
114,CBF5_YEAST,0.45,0.51,0.5,0.16,0.5,0.0,0.52,1.0,NUC
115,CBP1_YEAST,0.45,0.45,0.5,0.6,0.5,0.0,0.49,0.22,MIT
116,CBP2_YEAST,0.59,0.67,0.56,0.41,0.5,0.0,0.47,0.22,MIT
117,CBP3_YEAST,0.47,0.47,0.57,0.48,0.5,0.0,0.48,0.22,MIT
118,CBP4_YEAST,0.35,0.52,0.48,0.22,0.5,0.0,0.26,0.22,MIT
119,CBP6_YEAST,0.47,0.41,0.66,0.26,0.5,0.0,0.53,0.22,MIT
120,NC5R_YEAST,0.64,0.62,0.29,0.28,0.5,0.0,0.51,0.22,MIT
121,CBS1_YEAST,0.55,0.53,0.55,0.46,0.5,0.0,0.52,0.22,MIT
122,CBS2_YEAST,0.67,0.62,0.54,0.43,0.5,0.0,0.53,0.22,MIT
123,TNT_YEAST,0.59,0.6,0.49,0.43,0.5,0.0,0.53,0.31,MIT
124,ATU1_YEAST,0.54,0.55,0.34,0.31,0.5,0.0,0.54,0.22,ME3
125,CCE1_YEAST,0.58,0.62,0.54,0.17,0.5,0.0,0.48,0.22,MIT
126,CCL1_YEAST,0.4,0.38,0.53,0.16,0.5,0.0,0.52,0.27,NUC
127,CCPR_YEAST,0.46,0.71,0.48,0.53,0.5,0.0,0.53,0.22,MIT
128,CCR4_YEAST,0.53,0.51,0.55,0.05,0.5,0.0,0.45,0.25,NUC
129,CTPT_YEAST,0.41,0.4,0.59,0.47,0.5,0.0,0.48,0.43,CYT
130,CC10_YEAST,0.5,0.64,0.57,0.15,0.5,0.0,0.47,0.22,CYT
131,CC11_YEAST,0.4,0.62,0.52,0.31,0.5,0.0,0.49,0.31,CYT
132,CC12_YEAST,0.6,0.5,0.57,0.25,0.5,0.0,0.41,0.26,CYT
133,CC16_YEAST,0.62,0.51,0.52,0.42,0.5,0.0,0.54,0.27,NUC
134,CC23_YEAST,0.35,0.58,0.54,0.16,0.5,0.0,0.51,0.22,NUC
135,CC24_YEAST,0.34,0.54,0.5,0.21,0.5,0.0,0.54,0.31,CYT
136,CC25_YEAST,0.39,0.58,0.5,0.26,0.5,0.0,0.54,0.59,ME3
137,CC27_YEAST,0.48,0.54,0.5,0.17,0.5,0.0,0.53,0.22,NUC
138,CDC3_YEAST,0.29,0.32,0.58,0.15,0.5,0.0,0.5,0.3,CYT
139,CC31_YEAST,0.47,0.32,0.64,0.3,0.5,0.0,0.63,0.22,NUC
140,IF4E_YEAST,0.39,0.47,0.56,0.16,0.5,0.0,0.47,0.22,CYT
141,UBC3_YEAST,0.58,0.48,0.51,0.47,0.5,0.0,0.55,0.22,NUC
142,NOT2_YEAST,0.64,0.6,0.57,0.19,0.5,0.0,0.43,0.22,NUC
143,NOT1_YEAST,0.37,0.46,0.4,0.27,0.5,0.0,0.45,0.22,NUC
144,CC4_YEAST,0.43,0.57,0.53,0.16,0.5,0.0,0.54,0.22,CYT
145,CC40_YEAST,0.28,0.37,0.61,0.09,0.5,0.0,0.52,0.55,NUC
146,CC42_YEAST,0.59,0.48,0.5,0.14,0.5,0.0,0.45,0.25,CYT
147,CAL1_YEAST,0.39,0.55,0.48,0.31,0.5,0.0,0.54,0.29,CYT
148,RFC1_YEAST,0.26,0.36,0.47,0.34,0.5,0.0,0.53,0.72,NUC
149,CC46_YEAST,0.51,0.34,0.5,0.19,0.5,0.0,0.5,0.22,NUC
150,YB52_YEAST,0.58,0.5,0.5,0.12,0.5,0.0,0.48,0.25,NUC
151,CC48_YEAST,0.44,0.39,0.53,0.14,0.5,0.0,0.54,0.44,CYT
152,CC6_YEAST,0.41,0.39,0.44,0.34,0.5,0.0,0.48,0.4,NUC
153,SYLC_YEAST,0.45,0.43,0.51,0.24,0.5,0.0,0.54,0.33,CYT
154,CC68_YEAST,0.36,0.68,0.46,0.16,0.5,0.0,0.53,0.28,NUC
155,CC7_YEAST,0.42,0.31,0.5,0.15,0.5,0.0,0.53,0.22,NUC
156,KTHY_YEAST,0.42,0.43,0.56,0.1,0.5,0.0,0.49,0.22,CYT
157,DNLI_YEAST,0.67,0.71,0.52,0.65,0.5,0.0,0.53,0.36,NUC
158,MCE1_YEAST,0.49,0.47,0.53,0.16,0.5,0.0,0.48,0.27,NUC
159,CEM1_YEAST,0.71,0.59,0.48,0.43,0.5,0.0,0.59,0.22,MIT
160,RLUB_YEAST,0.4,0.42,0.71,0.21,0.5,0.0,0.54,0.32,CYT
161,RLUB_YEAST,0.4,0.42,0.71,0.21,0.5,0.0,0.54,0.32,CYT
162,CLH_YEAST,0.54,0.49,0.49,0.2,0.5,0.0,0.52,0.22,CYT
163,CHL1_YEAST,0.42,0.51,0.5,0.12,0.5,0.0,0.52,0.46,NUC
164,CHL4_YEAST,0.57,0.51,0.53,0.18,0.5,0.0,0.56,0.25,NUC
165,PSS_YEAST,0.35,0.45,0.43,0.11,0.5,0.0,0.56,0.22,ME3
166,PEM1_YEAST,0.42,0.42,0.42,0.2,0.5,0.0,0.49,0.22,ME3
167,CHS1_YEAST,0.26,0.5,0.33,0.28,0.5,0.0,0.51,0.22,ME3
168,CHS2_YEAST,0.39,0.42,0.38,0.4,0.5,0.0,0.49,0.47,ME3
169,CHS3_YEAST,0.26,0.44,0.3,0.11,0.5,0.0,0.51,0.47,ME3
170,CIK1_YEAST,0.31,0.44,0.53,0.23,0.5,0.0,0.51,0.32,NUC
171,CIN1_YEAST,0.48,0.61,0.44,0.2,0.5,0.0,0.47,0.22,CYT
172,CIN4_YEAST,0.66,0.45,0.5,0.23,0.5,0.0,0.49,0.22,CYT
173,CIN8_YEAST,0.21,0.41,0.55,0.11,0.5,0.0,0.5,0.27,CYT
174,CISY_YEAST,0.38,0.68,0.44,0.45,0.5,0.0,0.53,0.22,MIT
175,CISZ_YEAST,0.44,0.38,0.48,0.32,0.5,0.83,0.53,0.22,POX
176,KC21_YEAST,0.31,0.31,0.56,0.33,0.5,0.0,0.52,0.33,NUC
177,KC22_YEAST,0.49,0.31,0.49,0.35,0.5,0.0,0.51,0.29,NUC
178,KC2C_YEAST,0.38,0.37,0.56,0.21,0.5,0.0,0.49,0.22,NUC
179,KICH_YEAST,0.39,0.4,0.53,0.67,0.5,0.0,0.47,0.22,CYT
180,CLC1_YEAST,0.24,0.34,0.69,0.18,0.5,0.0,0.52,0.22,CYT
181,CG11_YEAST,0.49,0.43,0.51,0.13,0.5,0.0,0.47,0.22,CYT
182,CG12_YEAST,0.54,0.38,0.52,0.18,0.5,0.0,0.48,0.22,CYT
183,CG13_YEAST,0.43,0.57,0.53,0.53,0.5,0.0,0.53,0.25,CYT
184,CALM_YEAST,0.48,0.64,0.61,0.23,0.5,0.0,0.6,0.22,CYT
185,KCC1_YEAST,0.31,0.55,0.52,0.17,0.5,0.0,0.52,0.22,CYT
186,KCC2_YEAST,0.32,0.57,0.5,0.15,0.5,0.0,0.53,0.22,CYT
187,P2B1_YEAST,0.32,0.42,0.52,0.24,0.5,0.0,0.6,0.22,CYT
188,P2B2_YEAST,0.59,0.5,0.52,0.28,0.5,0.0,0.55,0.25,CYT
189,CALB_YEAST,0.37,0.42,0.51,0.11,0.5,0.0,0.57,0.22,CYT
190,CALX_YEAST,0.75,0.7,0.38,0.27,0.5,0.0,0.49,0.22,ME1
191,CYB_YEAST,0.61,0.72,0.31,0.33,0.5,0.0,0.56,0.22,MIT
192,COFI_YEAST,0.44,0.42,0.6,0.21,0.5,0.0,0.57,0.22,CYT
193,COQ1_YEAST,0.52,0.51,0.51,0.54,0.5,0.0,0.55,0.27,MIT
194,COQ2_YEAST,0.63,0.56,0.45,0.58,0.5,0.0,0.51,0.22,MIT
195,COQ3_YEAST,0.52,0.56,0.54,0.53,0.5,0.0,0.45,0.22,MIT
196,UCR1_YEAST,0.58,0.58,0.58,0.49,0.5,0.0,0.49,0.26,MIT
197,COT1_YEAST,0.72,0.62,0.34,0.29,0.5,0.0,0.56,0.28,MIT
198,COX1_YEAST,0.72,0.61,0.37,0.3,0.5,0.0,0.57,0.22,MIT
199,COXX_YEAST,0.46,0.43,0.38,0.33,0.5,0.0,0.48,0.28,MIT
200,COXZ_YEAST,0.57,0.57,0.44,0.37,0.5,0.0,0.52,0.25,MIT
201,COXG_YEAST,0.42,0.31,0.62,0.12,0.5,0.0,0.4,0.22,MIT
202,COXE_YEAST,0.49,0.46,0.45,0.45,0.5,0.0,0.52,0.22,MIT
203,YEX1_YEAST,0.42,0.58,0.41,0.65,0.5,0.0,0.46,0.26,MIT
204,COX2_YEAST,0.59,0.61,0.34,0.22,0.5,0.0,0.51,0.22,MIT
205,COX3_YEAST,0.52,0.77,0.38,0.34,0.5,0.0,0.51,0.22,MIT
206,COX4_YEAST,0.5,0.52,0.6,0.51,0.5,0.0,0.48,0.22,MIT
207,COXA_YEAST,0.49,0.6,0.43,0.56,0.5,0.0,0.36,0.22,MIT
208,COXB_YEAST,0.5,0.41,0.44,0.5,0.5,0.0,0.42,0.22,MIT
209,COX6_YEAST,0.5,0.4,0.56,0.7,0.5,0.0,0.5,0.22,MIT
210,COX7_YEAST,0.37,0.58,0.44,0.51,0.5,0.0,0.44,0.22,MIT
211,COX8_YEAST,0.55,0.45,0.45,0.54,0.5,0.0,0.5,0.22,MIT
212,COX9_YEAST,0.67,0.68,0.46,0.29,0.5,0.0,0.46,0.22,MIT
213,CARA_YEAST,0.53,0.51,0.46,0.28,0.5,0.0,0.48,0.22,CYT
214,CARB_YEAST,0.35,0.66,0.49,0.21,0.5,0.0,0.54,0.25,CYT
215,CYPH_YEAST,0.52,0.4,0.6,0.12,0.5,0.0,0.55,0.22,CYT
216,CYPB_YEAST,0.77,0.79,0.58,0.23,0.5,0.0,0.48,0.22,EXC
217,CYPC_YEAST,0.47,0.46,0.59,0.49,0.5,0.0,0.56,0.22,MIT
218,CYPR_YEAST,0.73,0.83,0.43,0.3,0.5,0.0,0.55,0.22,ME1
219,CYPD_YEAST,0.78,0.74,0.58,0.25,1.0,0.0,0.53,0.22,ERL
220,CBPS_YEAST,0.7,0.65,0.54,0.28,0.5,0.0,0.6,0.4,VAC
221,CPT1_YEAST,0.47,0.54,0.37,0.14,0.5,0.0,0.5,0.22,ME3
222,CRM1_YEAST,0.56,0.52,0.48,0.17,0.5,0.0,0.46,0.22,NUC
223,R141_YEAST,0.57,0.41,0.59,0.24,0.5,0.0,0.4,0.22,CYT
224,R142_YEAST,0.56,0.41,0.58,0.21,0.5,0.0,0.42,0.22,CYT
225,CSE1_YEAST,0.58,0.56,0.45,0.12,0.5,0.0,0.51,0.22,NUC
226,CSE2_YEAST,0.53,0.38,0.66,0.25,0.5,0.0,0.43,0.22,NUC
227,YKE9_YEAST,0.34,0.36,0.54,0.11,0.5,0.0,0.36,0.21,NUC
228,CSG2_YEAST,0.69,0.61,0.38,0.27,0.5,0.0,0.52,0.22,ME2
229,CATA_YEAST,0.37,0.53,0.6,0.19,0.5,0.5,0.42,0.22,POX
230,CB33_YEAST,0.41,0.45,0.53,0.17,0.5,0.0,0.51,0.25,NUC
231,CTK1_YEAST,0.31,0.46,0.54,0.52,0.5,0.0,0.5,0.34,NUC
232,CTR1_YEAST,0.36,0.37,0.33,0.14,0.5,0.0,0.57,0.31,ME3
233,CHI1_YEAST,0.82,0.78,0.49,0.23,0.5,0.0,0.46,0.22,EXC
234,CHI2_YEAST,0.82,0.75,0.54,0.23,0.5,0.0,0.46,0.22,EXC
235,CATT_YEAST,0.41,0.51,0.58,0.15,0.5,0.0,0.45,0.27,CYT
236,MTC_YEAST,0.38,0.51,0.75,0.17,0.5,0.0,0.55,0.22,CYT
237,MTC_YEAST,0.38,0.51,0.75,0.17,0.5,0.0,0.55,0.22,CYT
238,CYB2_YEAST,0.53,0.44,0.51,0.33,0.5,0.0,0.52,0.22,MIT
239,CYC1_YEAST,0.46,0.54,0.71,0.15,0.5,0.0,0.59,0.22,MIT
240,CYC2_YEAST,0.4,0.56,0.48,0.14,0.5,0.0,0.47,0.22,MIT
241,CCHL_YEAST,0.53,0.53,0.6,0.13,0.5,0.0,0.49,0.22,MIT
242,CYC7_YEAST,0.42,0.57,0.72,0.22,0.5,0.0,0.57,0.22,MIT
243,RL2A_YEAST,0.45,0.27,0.57,0.36,0.5,0.0,0.52,0.18,CYT
244,CYAA_YEAST,0.2,0.26,0.52,0.14,0.5,0.0,0.53,0.44,CYT
245,CYS3_YEAST,0.51,0.53,0.55,0.14,0.5,0.0,0.51,0.22,CYT
246,CY1_YEAST,0.44,0.68,0.45,0.51,0.5,0.0,0.52,0.41,MIT
247,CYT2_YEAST,0.27,0.39,0.66,0.11,0.5,0.0,0.44,0.22,MIT
248,DAL4_YEAST,0.55,0.42,0.34,0.3,0.5,0.0,0.52,0.22,ME3
249,DAL5_YEAST,0.34,0.42,0.3,0.23,0.5,0.0,0.53,0.22,ME3
250,MASZ_YEAST,0.44,0.53,0.52,0.23,0.5,0.83,0.51,0.22,POX
251,DA80_YEAST,0.59,0.58,0.56,0.21,0.5,0.0,0.54,0.33,NUC
252,DA81_YEAST,0.39,0.28,0.46,0.12,0.5,0.0,0.41,0.22,NUC
253,DA82_YEAST,0.56,0.43,0.54,0.16,0.5,0.0,0.5,0.22,NUC
254,DAP2_YEAST,0.36,0.68,0.38,0.08,0.5,0.0,0.53,0.25,VAC
255,DATI_YEAST,0.27,0.36,0.6,0.33,0.5,0.0,0.37,0.31,NUC
256,DBF4_YEAST,0.35,0.4,0.59,0.22,0.5,0.0,0.47,0.37,NUC
257,DBP1_YEAST,0.42,0.32,0.5,0.21,0.5,0.0,0.51,0.22,NUC
258,DBP2_YEAST,0.23,0.2,0.53,0.2,0.5,0.0,0.44,0.22,NUC
259,DBR1_YEAST,0.55,0.54,0.56,0.22,0.5,0.0,0.5,0.37,NUC
260,DED1_YEAST,0.36,0.24,0.49,0.16,0.5,0.0,0.51,0.22,NUC
261,DEP1_YEAST,0.38,0.48,0.59,0.22,0.5,0.0,0.46,0.22,CYT
262,DYR_YEAST,0.8,0.46,0.5,0.15,0.5,0.0,0.53,0.22,CYT
263,DYHC_YEAST,0.6,0.56,0.47,0.2,0.5,0.0,0.5,0.38,NUC
264,DHH1_YEAST,0.41,0.24,0.54,0.26,0.5,0.0,0.41,0.22,NUC
265,DLD1_YEAST,0.47,0.65,0.54,0.62,0.5,0.0,0.53,0.36,MIT
266,DMC1_YEAST,0.43,0.39,0.54,0.14,0.5,0.0,0.47,0.22,NUC
267,DPB2_YEAST,0.5,0.51,0.52,0.09,0.5,0.0,0.48,0.25,NUC
268,DPB3_YEAST,0.53,0.61,0.52,0.21,0.5,0.0,0.55,0.3,NUC
269,DPM1_YEAST,0.54,0.42,0.41,0.16,0.5,0.0,0.52,0.22,ME2
270,SYDC_YEAST,0.46,0.35,0.53,0.16,0.5,0.0,0.51,0.29,CYT
271,DRS1_YEAST,0.46,0.43,0.49,0.79,0.5,0.0,0.49,0.63,NUC
272,ATC4_YEAST,0.51,0.55,0.35,0.16,0.5,0.0,0.51,0.47,ME3
273,DSS4_YEAST,0.56,0.52,0.55,0.19,0.5,0.0,0.54,0.22,CYT
274,TFS2_YEAST,0.61,0.3,0.59,0.12,0.5,0.0,0.49,0.27,NUC
275,DUN1_YEAST,0.37,0.53,0.46,0.23,0.5,0.0,0.47,0.22,NUC
276,DUR3_YEAST,0.83,0.58,0.33,0.04,0.5,0.0,0.53,0.22,ME2
277,EF1B_YEAST,0.39,0.45,0.53,0.18,0.5,0.0,0.54,0.22,CYT
278,EF2_YEAST,0.52,0.54,0.5,0.21,0.5,0.0,0.48,0.3,CYT
279,EGD1_YEAST,0.35,0.39,0.57,0.11,0.5,0.0,0.48,0.22,NUC
280,ATN2_YEAST,0.36,0.49,0.3,0.22,0.5,0.0,0.52,0.31,ME3
281,END2_YEAST,0.78,0.7,0.32,0.23,0.5,0.0,0.53,0.22,ME1
282,END3_YEAST,0.55,0.46,0.53,0.11,0.5,0.0,0.52,0.48,CYT
283,ENO1_YEAST,0.45,0.56,0.54,0.32,0.5,0.0,0.57,0.22,CYT
284,ENO2_YEAST,0.45,0.56,0.53,0.32,0.5,0.0,0.57,0.22,CYT
285,EPT1_YEAST,0.29,0.43,0.4,0.15,0.5,0.0,0.53,0.22,ME3
286,ERD1_YEAST,0.52,0.75,0.37,0.14,0.5,0.0,0.46,0.22,ME3
287,ERD2_YEAST,0.71,0.56,0.39,0.27,0.5,0.0,0.52,0.22,ME2
288,ERG1_YEAST,0.58,0.6,0.43,0.12,0.5,0.0,0.55,0.22,ME3
289,THIL_YEAST,0.54,0.65,0.49,0.34,0.5,0.0,0.52,0.22,CYT
290,CP51_YEAST,0.57,0.59,0.44,0.16,0.5,0.0,0.52,0.22,ME2
291,KIME_YEAST,0.59,0.58,0.46,0.19,0.5,0.0,0.56,0.27,CYT
292,ERG2_YEAST,0.92,0.61,0.4,0.22,0.5,0.0,0.54,0.22,ME2
293,FPPS_YEAST,0.55,0.56,0.45,0.14,0.5,0.0,0.54,0.22,CYT
294,ER24_YEAST,0.63,0.61,0.41,0.22,0.5,0.0,0.51,0.22,ME3
295,ERG3_YEAST,0.58,0.53,0.38,0.18,0.5,0.0,0.52,0.22,ME3
296,ERG4_YEAST,0.36,0.46,0.43,0.19,0.5,0.0,0.48,0.22,ME3
297,ERG6_YEAST,0.32,0.47,0.55,0.12,0.5,0.0,0.52,0.22,CYT
298,ERG7_YEAST,0.34,0.38,0.45,0.19,0.5,0.0,0.51,0.22,ME2
299,ERG8_YEAST,0.62,0.58,0.46,0.13,0.5,0.0,0.53,0.22,CYT
300,FDFT_YEAST,0.53,0.68,0.42,0.19,0.5,0.0,0.53,0.22,ME3
301,ERS1_YEAST,0.73,0.55,0.41,0.16,0.5,0.0,0.46,0.22,ME2
302,ESP1_YEAST,0.55,0.46,0.46,0.31,0.5,0.0,0.58,0.48,NUC
303,EST1_YEAST,0.35,0.6,0.47,0.13,0.5,0.0,0.52,0.43,NUC
304,EUG1_YEAST,0.77,0.8,0.51,0.4,1.0,0.0,0.54,0.22,ERL
305,EXG1_YEAST,0.77,0.87,0.47,0.37,0.5,0.0,0.48,0.22,EXC
306,LCF2_YEAST,0.35,0.46,0.49,0.15,1.0,0.0,0.55,0.35,CYT
307,FAD1_YEAST,0.43,0.51,0.48,0.14,0.5,0.0,0.5,0.22,CYT
308,FAS1_YEAST,0.57,0.61,0.45,0.26,0.5,0.0,0.5,0.22,CYT
309,FAS2_YEAST,0.63,0.62,0.42,0.12,0.5,0.0,0.52,0.25,CYT
310,COAC_YEAST,0.25,0.4,0.51,0.18,0.5,0.0,0.5,0.27,CYT
311,ALF_YEAST,0.56,0.62,0.53,0.24,0.5,0.0,0.57,0.22,CYT
312,F16P_YEAST,0.58,0.6,0.51,0.24,0.5,0.0,0.53,0.22,CYT
313,F26_YEAST,0.71,0.59,0.53,0.15,0.5,0.0,0.49,0.33,CYT
314,FCY2_YEAST,0.46,0.35,0.33,0.17,0.5,0.0,0.55,0.22,ME3
315,FET3_YEAST,0.54,0.55,0.42,0.22,0.5,0.0,0.48,0.22,ME3
316,FET4_YEAST,0.39,0.44,0.28,0.12,0.5,0.0,0.46,0.27,ME3
317,FHL1_YEAST,0.33,0.44,0.49,0.08,0.5,0.0,0.48,0.49,NUC
318,FLO1_YEAST,0.81,0.82,0.41,0.36,0.5,0.0,0.39,0.22,EXC
319,FOX2_YEAST,0.69,0.6,0.51,0.13,0.5,0.83,0.52,0.22,POX
320,THIK_YEAST,0.46,0.48,0.44,0.21,0.5,0.0,0.55,0.22,POX
321,FKBP_YEAST,0.35,0.36,0.57,0.17,0.5,0.0,0.52,0.22,CYT
322,FKB2_YEAST,0.74,0.72,0.47,0.25,0.5,0.0,0.57,0.22,ME1
323,FKB3_YEAST,0.54,0.57,0.52,0.19,0.5,0.0,0.59,0.67,NUC
324,FPS1_YEAST,0.42,0.52,0.4,0.17,0.5,0.0,0.5,0.26,ME3
325,FRE1_YEAST,0.91,0.77,0.34,0.47,0.5,0.0,0.52,0.31,ME1
326,YKW0_YEAST,0.81,0.9,0.39,0.41,0.5,0.0,0.53,0.22,ME2
327,SYFA_YEAST,0.45,0.4,0.56,0.14,0.5,0.0,0.54,0.22,CYT
328,SYFB_YEAST,0.47,0.47,0.58,0.16,0.5,0.0,0.49,0.28,CYT
329,FUMH_YEAST,0.41,0.39,0.51,0.52,0.5,0.0,0.49,0.22,CYT
330,FU34_YEAST,0.37,0.34,0.32,0.22,0.5,0.0,0.56,0.22,ME3
331,FUR1_YEAST,0.69,0.6,0.5,0.31,0.5,0.0,0.55,0.22,CYT
332,FUR4_YEAST,0.35,0.56,0.36,0.3,0.5,0.0,0.53,0.25,ME3
333,FUS1_YEAST,0.84,0.66,0.36,0.78,0.5,0.0,0.49,0.5,ME1
334,FUS3_YEAST,0.51,0.58,0.54,0.29,0.5,0.0,0.53,0.22,CYT
335,FZF1_YEAST,0.37,0.43,0.62,0.27,0.5,0.0,0.48,0.22,NUC
336,GAC1_YEAST,0.55,0.66,0.57,0.32,0.5,0.0,0.57,0.34,CYT
337,GAL1_YEAST,0.48,0.35,0.42,0.21,0.5,0.0,0.57,0.22,CYT
338,GALX_YEAST,0.62,0.58,0.52,0.15,0.5,0.0,0.52,0.29,CYT
339,GALY_YEAST,0.56,0.59,0.53,0.16,0.5,0.0,0.24,0.42,NUC
340,GAL2_YEAST,0.44,0.51,0.37,0.15,0.5,0.0,0.51,0.22,ME3
341,GAL4_YEAST,0.44,0.44,0.49,0.15,0.5,0.0,0.46,0.27,NUC
342,GAL7_YEAST,0.5,0.5,0.48,0.17,0.5,0.0,0.47,0.26,CYT
343,GAL8_YEAST,0.6,0.6,0.49,0.3,0.5,0.0,0.53,0.22,NUC
344,GAP1_YEAST,0.49,0.46,0.34,0.21,0.5,0.0,0.55,0.22,ME3
345,GAR1_YEAST,0.35,0.68,0.57,0.4,0.5,0.0,0.53,0.36,NUC
346,GAS1_YEAST,0.7,0.69,0.43,0.33,0.5,0.0,0.58,0.22,ME1
347,GBP2_YEAST,0.23,0.3,0.58,0.22,0.5,0.0,0.48,0.27,NUC
348,E2BG_YEAST,0.45,0.42,0.52,0.2,0.5,0.0,0.5,0.25,CYT
349,IF2G_YEAST,0.51,0.35,0.46,0.15,0.5,0.0,0.51,0.42,CYT
350,E2BD_YEAST,0.42,0.39,0.47,0.13,0.5,0.0,0.5,0.27,CYT
351,E2BE_YEAST,0.32,0.38,0.52,0.2,0.5,0.0,0.52,0.28,CYT
352,E2BB_YEAST,0.59,0.65,0.52,0.3,0.5,0.0,0.46,0.31,CYT
353,GCN1_YEAST,0.41,0.52,0.41,0.11,0.5,0.0,0.54,0.35,CYT
354,GCN2_YEAST,0.37,0.33,0.5,0.12,0.5,0.0,0.51,0.54,CYT
355,E2BA_YEAST,0.45,0.56,0.49,0.17,0.5,0.0,0.52,0.22,CYT
356,GCN4_YEAST,0.56,0.54,0.59,0.14,0.5,0.0,0.52,0.27,NUC
357,GCN5_YEAST,0.31,0.31,0.54,0.18,0.5,0.0,0.52,0.29,NUC
358,GCR1_YEAST,0.27,0.51,0.47,0.35,0.5,0.0,0.49,0.28,NUC
359,GCR2_YEAST,0.54,0.56,0.57,0.18,0.5,0.0,0.45,0.25,NUC
360,GCR3_YEAST,0.17,0.38,0.45,0.09,0.5,0.0,0.54,0.27,NUC
361,GCS1_YEAST,0.43,0.51,0.54,0.15,0.5,0.0,0.45,0.26,NUC
362,GCY_YEAST,0.6,0.4,0.59,0.18,0.5,0.0,0.48,0.22,CYT
363,GDA1_YEAST,0.91,0.69,0.57,0.45,0.5,0.0,0.56,0.22,ME2
364,DHE4_YEAST,0.38,0.47,0.53,0.12,0.5,0.0,0.48,0.22,CYT
365,DHE2_YEAST,0.59,0.43,0.52,0.19,0.5,0.0,0.55,0.27,CYT
366,GDI1_YEAST,0.64,0.53,0.45,0.13,0.5,0.0,0.53,0.22,CYT
367,GEF1_YEAST,0.49,0.31,0.34,0.13,0.5,0.0,0.52,0.22,ME3
368,GFA1_YEAST,0.52,0.51,0.51,0.12,0.5,0.0,0.51,0.4,CYT
369,GLGB_YEAST,0.49,0.43,0.48,0.15,0.5,0.0,0.55,0.25,CYT
370,PP12_YEAST,0.49,0.47,0.52,0.16,0.5,0.0,0.53,0.28,CYT
371,HXKG_YEAST,0.48,0.39,0.49,0.18,0.5,0.0,0.51,0.22,CYT
372,GLNA_YEAST,0.44,0.34,0.55,0.18,0.5,0.0,0.52,0.22,CYT
373,GLN3_YEAST,0.43,0.54,0.58,0.16,0.5,0.0,0.5,0.36,NUC
374,SYQ_YEAST,0.49,0.42,0.54,0.17,0.5,0.0,0.5,0.36,CYT
375,GLO3_YEAST,0.34,0.66,0.51,0.16,0.5,0.0,0.47,0.33,NUC
376,GLS1_YEAST,0.2,0.34,0.33,0.1,0.5,0.0,0.48,0.31,ME3
377,6PGD_YEAST,0.74,0.53,0.5,0.08,0.5,0.0,0.55,0.31,CYT
378,GOG5_YEAST,0.69,0.48,0.38,0.15,0.5,0.0,0.55,0.22,ME2
379,GBA1_YEAST,0.3,0.5,0.47,0.11,0.5,0.0,0.46,0.22,CYT
380,GPDA_YEAST,0.44,0.51,0.48,0.38,0.5,0.0,0.52,0.22,CYT
381,PHSG_YEAST,0.31,0.45,0.5,0.17,0.5,0.0,0.49,0.22,CYT
382,PMGY_YEAST,0.55,0.41,0.56,0.21,0.5,0.0,0.52,0.22,CYT
383,PHO2_YEAST,0.4,0.34,0.52,0.17,0.5,0.0,0.47,0.51,NUC
384,SYG_YEAST,0.4,0.48,0.5,0.17,0.5,0.0,0.54,0.5,CYT
385,GSP1_YEAST,0.58,0.48,0.56,0.1,0.5,0.0,0.46,0.25,NUC
386,GSP2_YEAST,0.58,0.48,0.56,0.12,0.5,0.0,0.46,0.25,NUC
387,UGS1_YEAST,0.58,0.45,0.48,0.24,0.5,0.0,0.52,0.37,CYT
388,UGS2_YEAST,0.58,0.41,0.51,0.26,0.5,0.0,0.51,0.37,CYT
389,GTS1_YEAST,0.41,0.6,0.53,0.29,0.5,0.0,0.47,0.43,NUC
390,GPDM_YEAST,0.69,0.5,0.49,0.42,0.5,0.0,0.49,0.22,MIT
391,HAL1_YEAST,0.38,0.49,0.61,0.13,0.5,0.0,0.54,0.22,CYT
392,CYP1_YEAST,0.6,0.48,0.44,0.52,0.5,0.0,0.54,0.63,NUC
393,HAP2_YEAST,0.47,0.49,0.63,0.17,0.5,0.0,0.31,0.26,NUC
394,HAP3_YEAST,0.28,0.51,0.55,0.11,0.5,0.0,0.46,0.22,NUC
395,HAP4_YEAST,0.56,0.57,0.63,0.39,1.0,0.0,0.59,0.4,NUC
396,HBS1_YEAST,0.21,0.38,0.49,0.16,0.5,0.0,0.51,0.45,CYT
397,HCM1_YEAST,0.46,0.57,0.57,0.15,0.5,0.0,0.52,0.26,NUC
398,HDF1_YEAST,0.43,0.42,0.54,0.22,0.5,0.0,0.57,0.33,NUC
399,HEM1_YEAST,0.57,0.59,0.5,0.58,0.5,0.0,0.53,0.22,MIT
400,DCUP_YEAST,0.48,0.34,0.47,0.14,0.5,0.0,0.47,0.26,CYT
401,HEM6_YEAST,0.35,0.4,0.53,0.18,0.5,0.0,0.42,0.38,CYT
402,HEMZ_YEAST,0.47,0.45,0.53,0.62,0.5,0.0,0.46,0.22,MIT
403,HEM2_YEAST,0.53,0.43,0.47,0.15,0.5,0.0,0.58,0.22,CYT
404,HEM3_YEAST,0.46,0.45,0.56,0.16,0.5,0.0,0.56,0.22,CYT
405,HEX2_YEAST,0.44,0.42,0.62,0.14,0.5,0.0,0.55,0.37,NUC
406,H4_YEAST,0.37,0.34,0.58,0.24,0.5,0.0,0.44,0.18,NUC
407,H4_YEAST,0.37,0.34,0.58,0.24,0.5,0.0,0.44,0.18,NUC
408,H3_YEAST,0.39,0.39,0.55,0.52,0.5,0.0,0.37,0.16,NUC
409,H3_YEAST,0.39,0.39,0.55,0.52,0.5,0.0,0.37,0.16,NUC
410,HIP1_YEAST,0.48,0.46,0.38,0.29,0.5,0.0,0.53,0.22,ME3
411,HIR1_YEAST,0.48,0.57,0.5,0.09,0.5,0.0,0.52,0.42,NUC
412,HIR2_YEAST,0.61,0.57,0.45,0.21,0.5,0.0,0.5,0.42,NUC
413,HIS7_YEAST,0.56,0.44,0.56,0.19,0.5,0.0,0.54,0.22,CYT
414,HMD1_YEAST,0.51,0.63,0.3,0.35,0.5,0.0,0.53,0.27,ME3
415,HMD2_YEAST,0.53,0.68,0.34,0.42,0.5,0.0,0.54,0.27,ME3
416,MAT1_YEAST,0.37,0.22,0.64,0.35,0.5,0.0,0.47,0.22,NUC
417,MAT2_YEAST,0.51,0.48,0.58,0.22,0.5,0.0,0.5,0.28,NUC
418,MTA1_YEAST,0.49,0.37,0.59,0.17,0.5,0.0,0.51,0.22,NUC
419,MAT2_YEAST,0.51,0.48,0.58,0.22,0.5,0.0,0.5,0.28,NUC
420,HO_YEAST,0.53,0.53,0.53,0.17,0.5,0.0,0.49,0.37,NUC
421,HOP1_YEAST,0.29,0.68,0.47,0.26,0.5,0.0,0.47,0.37,NUC
422,HPR1_YEAST,0.5,0.45,0.49,0.15,0.5,0.0,0.55,0.43,NUC
423,HXTY_YEAST,0.33,0.28,0.31,0.24,0.5,0.0,0.53,0.22,ME3
424,YJ64_YEAST,0.85,0.85,0.3,0.31,0.5,0.0,0.55,0.42,ME1
425,HR25_YEAST,0.43,0.39,0.51,0.28,0.5,0.0,0.4,0.22,NUC
426,HS83_YEAST,0.61,0.54,0.49,0.16,0.5,0.0,0.54,0.42,CYT
427,HSF_YEAST,0.34,0.35,0.61,0.19,0.5,0.0,0.52,0.25,NUC
428,CH10_YEAST,0.55,0.53,0.56,0.29,0.5,0.0,0.48,0.22,MIT
429,H104_YEAST,0.66,0.62,0.52,0.17,0.5,0.0,0.49,0.22,CYT
430,HS26_YEAST,0.44,0.41,0.58,0.2,0.5,0.0,0.57,0.25,CYT
431,HS30_YEAST,0.37,0.62,0.34,0.25,0.5,0.0,0.51,0.22,ME3
432,HS60_YEAST,0.45,0.56,0.51,0.64,0.5,0.0,0.54,0.22,MIT
433,HSP7_YEAST,0.38,0.46,0.52,0.75,0.5,0.0,0.5,0.26,MIT
434,HS82_YEAST,0.61,0.54,0.49,0.19,0.5,0.0,0.54,0.47,CYT
435,H2A1_YEAST,0.44,0.53,0.52,0.37,0.5,0.0,0.5,0.22,NUC
436,H2A2_YEAST,0.44,0.53,0.52,0.37,0.5,0.0,0.5,0.22,NUC
437,H2B1_YEAST,0.32,0.34,0.61,0.17,0.5,0.0,0.52,0.32,NUC
438,H2B2_YEAST,0.34,0.34,0.61,0.18,0.5,0.0,0.52,0.32,NUC
439,SYH_YEAST,0.51,0.68,0.49,0.59,0.5,0.0,0.54,0.27,MIT
440,HXKA_YEAST,0.41,0.3,0.49,0.28,0.5,0.0,0.54,0.22,CYT
441,HXKB_YEAST,0.41,0.43,0.5,0.28,0.5,0.0,0.5,0.22,CYT
442,HXT1_YEAST,0.3,0.5,0.34,0.26,0.5,0.0,0.51,0.22,ME3
443,HXT2_YEAST,0.49,0.4,0.34,0.26,0.5,0.0,0.5,0.22,ME3
444,HXT3_YEAST,0.34,0.4,0.3,0.23,0.5,0.0,0.51,0.22,ME3
445,HXT4_YEAST,0.43,0.44,0.3,0.18,0.5,0.0,0.51,0.22,ME3
446,HXT5_YEAST,0.43,0.45,0.37,0.12,0.5,0.0,0.48,0.22,ME3
447,HXT6_YEAST,0.45,0.57,0.3,0.17,0.5,0.0,0.51,0.22,ME3
448,HXT7_YEAST,0.45,0.57,0.3,0.17,0.5,0.0,0.51,0.22,ME3
449,HXT8_YEAST,0.42,0.44,0.33,0.17,0.5,0.0,0.54,0.27,ME3
450,ACEA_YEAST,0.52,0.5,0.53,0.1,0.5,0.0,0.48,0.22,POX
451,IDH1_YEAST,0.53,0.56,0.49,0.46,0.5,0.0,0.52,0.22,MIT
452,IDH2_YEAST,0.45,0.54,0.54,0.62,0.5,0.0,0.53,0.22,MIT
453,IPPI_YEAST,0.51,0.43,0.63,0.18,0.5,0.0,0.52,0.22,CYT
454,IDHP_YEAST,0.51,0.52,0.48,0.5,0.5,0.0,0.51,0.22,MIT
455,IF2M_YEAST,0.55,0.49,0.5,0.46,0.5,0.0,0.52,0.25,MIT
456,SYI_YEAST,0.5,0.46,0.52,0.16,0.5,0.0,0.52,0.26,CYT
457,THDH_YEAST,0.5,0.53,0.45,0.44,0.5,0.0,0.49,0.22,MIT
458,ILVB_YEAST,0.45,0.59,0.53,0.74,0.5,0.0,0.47,0.25,MIT
459,ILV5_YEAST,0.57,0.61,0.55,0.67,0.5,0.0,0.48,0.22,MIT
460,IME1_YEAST,0.54,0.45,0.62,0.13,0.5,0.0,0.52,0.26,NUC
461,IMP1_YEAST,0.67,0.51,0.53,0.28,0.5,0.0,0.51,0.22,MIT
462,IMP2_YEAST,0.35,0.49,0.47,0.22,0.5,0.0,0.5,0.28,MIT
463,IATP_YEAST,0.47,0.63,0.66,0.45,0.5,0.0,0.37,0.11,MIT
464,INO1_YEAST,0.51,0.34,0.43,0.18,0.5,0.0,0.48,0.25,CYT
465,INO2_YEAST,0.56,0.45,0.59,0.14,0.5,0.0,0.51,0.26,NUC
466,INO4_YEAST,0.45,0.38,0.59,0.18,0.5,0.0,0.44,0.45,NUC
467,IPYR_YEAST,0.43,0.51,0.6,0.25,0.5,0.0,0.55,0.22,CYT
468,IRA1_YEAST,0.47,0.59,0.43,0.13,0.5,0.0,0.56,0.3,ME3
469,IRA2_YEAST,0.4,0.45,0.42,0.17,0.5,0.0,0.54,0.26,ME3
470,IRE1_YEAST,0.89,0.81,0.36,0.71,0.5,0.0,0.55,0.63,ME1
471,IS42_YEAST,0.58,0.55,0.52,0.22,0.5,0.0,0.44,0.22,MIT
472,ISP6_YEAST,0.59,0.57,0.46,0.14,0.5,0.0,0.52,0.22,MIT
473,ITR1_YEAST,0.49,0.41,0.32,0.21,0.5,0.0,0.5,0.32,ME3
474,ITR2_YEAST,0.35,0.53,0.35,0.33,0.5,0.0,0.5,0.32,ME3
475,IXR1_YEAST,0.42,0.32,0.61,0.13,0.5,0.0,0.14,0.27,NUC
476,YJ12_YEAST,0.5,0.46,0.42,0.32,0.5,0.0,0.56,0.55,ME3
477,YJ13_YEAST,0.68,0.5,0.43,0.27,0.5,0.0,0.61,0.22,ME2
478,YJ16_YEAST,0.5,0.45,0.49,0.3,0.5,0.0,0.47,0.4,NUC
479,ACOX_YEAST,0.46,0.41,0.5,0.44,0.5,0.0,0.53,0.22,MIT
480,YJ36_YEAST,0.32,0.36,0.34,0.19,0.5,0.0,0.55,0.26,ME3
481,YJ43_YEAST,0.4,0.51,0.42,0.13,0.5,0.0,0.45,0.25,ME3
482,YJ49_YEAST,0.7,0.73,0.37,0.37,0.5,0.0,0.48,0.31,ME1
483,YJ51_YEAST,0.81,0.76,0.32,0.37,0.5,0.0,0.51,0.22,ME2
484,YJ90_YEAST,0.65,0.61,0.39,0.3,0.5,0.0,0.57,0.28,ME3
485,YJ91_YEAST,0.47,0.43,0.35,0.32,0.5,0.0,0.54,0.22,ME3
486,JNM1_YEAST,0.42,0.25,0.6,0.14,0.5,0.0,0.45,0.22,CYT
487,KAR1_YEAST,0.23,0.34,0.41,0.28,0.5,0.0,0.5,0.27,NUC
488,GR78_YEAST,0.85,0.56,0.33,0.38,1.0,0.0,0.55,0.25,ERL
489,KAR3_YEAST,0.34,0.31,0.6,0.37,0.5,0.0,0.5,0.3,NUC
490,KEM1_YEAST,0.59,0.53,0.47,0.26,0.5,0.0,0.53,0.31,NUC
491,KEX1_YEAST,0.67,0.63,0.34,0.41,0.5,0.0,0.6,0.33,ME1
492,KEX2_YEAST,0.7,0.73,0.38,0.36,0.5,0.0,0.54,0.22,ME1
493,ODO1_YEAST,0.54,0.51,0.54,0.52,0.5,0.0,0.47,0.25,MIT
494,ODO2_YEAST,0.53,0.5,0.54,0.56,0.5,0.0,0.49,0.41,MIT
495,KHR1_YEAST,0.84,0.63,0.38,0.23,0.5,0.0,0.53,0.22,EXC
496,KHS1_YEAST,0.89,0.77,0.36,0.34,0.5,0.0,0.44,0.22,EXC
497,KIN1_YEAST,0.48,0.43,0.45,0.17,0.5,0.0,0.48,0.37,ME3
498,KIN2_YEAST,0.36,0.35,0.47,0.22,0.5,0.0,0.44,0.31,ME3
499,KI28_YEAST,0.57,0.49,0.48,0.16,0.5,0.0,0.51,0.22,NUC
500,KIP1_YEAST,0.43,0.52,0.53,0.52,1.0,0.0,0.49,0.22,CYT
501,KIP2_YEAST,0.38,0.49,0.54,1.0,0.5,0.0,0.5,0.27,CYT
502,SMI1_YEAST,0.43,0.32,0.56,0.27,0.5,0.0,0.47,0.27,NUC
503,KRE1_YEAST,0.84,0.87,0.45,0.54,0.5,0.0,0.28,0.22,ME1
504,KR11_YEAST,0.27,0.56,0.56,0.18,0.5,0.0,0.52,0.22,CYT
505,KRE2_YEAST,0.89,0.82,0.6,0.49,0.5,0.0,0.55,0.22,ME2
506,KRE5_YEAST,0.86,0.92,0.5,0.37,1.0,0.0,0.53,0.32,ERL
507,KRE6_YEAST,0.37,0.55,0.29,0.32,0.5,0.0,0.51,0.22,ME3
508,KRE9_YEAST,0.87,0.83,0.57,0.36,0.5,0.0,0.36,0.22,EXC
509,SYKC_YEAST,0.43,0.45,0.54,0.14,0.5,0.0,0.5,0.31,CYT
510,KSS1_YEAST,0.52,0.48,0.54,0.28,0.5,0.0,0.54,0.22,NUC
511,KTR1_YEAST,0.77,0.6,0.42,0.33,0.5,0.0,0.57,0.22,ME2
512,KTR2_YEAST,0.76,0.74,0.56,0.34,0.5,0.0,0.51,0.3,ME2
513,KTR3_YEAST,0.58,0.76,0.4,0.37,0.5,0.0,0.54,0.3,ME2
514,KTR4_YEAST,0.94,0.6,0.33,0.49,0.5,0.0,0.54,0.22,ME2
515,MSF1_YEAST,0.36,0.44,0.57,0.18,0.5,0.0,0.42,0.22,MIT
516,LAG1_YEAST,0.42,0.51,0.39,0.22,0.5,0.0,0.49,0.26,ME3
517,BLH1_YEAST,0.52,0.48,0.58,0.55,0.5,0.0,0.48,0.22,CYT
518,AMPL_YEAST,0.42,0.32,0.48,0.16,0.5,0.0,0.55,0.22,VAC
519,LAS1_YEAST,0.43,0.38,0.51,0.24,0.5,0.0,0.46,0.33,NUC
520,ODP2_YEAST,0.48,0.57,0.52,0.61,0.5,0.0,0.51,0.22,MIT
521,LCB1_YEAST,0.83,0.53,0.52,0.2,0.5,0.0,0.48,0.25,ME2
522,LCB2_YEAST,0.36,0.34,0.46,0.19,0.5,0.0,0.52,0.22,ME2
523,LEU2_YEAST,0.51,0.43,0.47,0.19,0.5,0.0,0.52,0.37,CYT
524,LEU3_YEAST,0.54,0.54,0.49,0.14,0.5,0.0,0.56,0.22,CYT
525,LEUR_YEAST,0.44,0.41,0.44,0.13,0.5,0.0,0.49,0.42,NUC
526,LEU1_YEAST,0.52,0.62,0.54,0.19,0.5,0.0,0.5,0.22,MIT
527,LGT3_YEAST,0.46,0.4,0.38,0.18,0.5,0.0,0.49,0.22,ME3
528,LIP5_YEAST,0.68,0.5,0.55,0.65,0.5,0.0,0.46,0.31,MIT
529,LOS1_YEAST,0.53,0.44,0.47,0.22,0.5,0.0,0.53,0.22,NUC
530,DLDH_YEAST,0.48,0.48,0.5,0.47,0.5,0.0,0.55,0.22,MIT
531,LYP1_YEAST,0.46,0.14,0.36,0.21,0.5,0.0,0.5,0.25,ME3
532,LYS1_YEAST,0.5,0.45,0.48,0.17,0.5,0.0,0.5,0.26,CYT
533,LY14_YEAST,0.44,0.53,0.43,0.17,0.5,0.0,0.54,0.75,NUC
534,LYS2_YEAST,0.46,0.47,0.46,0.16,0.5,0.0,0.51,0.22,CYT
535,MAC1_YEAST,0.52,0.49,0.57,0.57,0.5,0.0,0.51,0.22,NUC
536,MAD1_YEAST,0.62,0.64,0.56,0.2,0.5,0.0,0.48,0.33,NUC
537,MAG_YEAST,0.46,0.32,0.58,0.17,0.5,0.0,0.61,0.25,NUC
538,MK11_YEAST,0.78,0.48,0.47,0.3,0.5,0.0,0.53,0.47,ME2
539,MK16_YEAST,0.49,0.62,0.65,0.18,0.5,0.0,0.46,0.43,NUC
540,MAK3_YEAST,0.5,0.34,0.62,0.19,0.5,0.0,0.57,0.22,CYT
541,MA3T_YEAST,0.39,0.37,0.33,0.23,0.5,0.0,0.53,0.26,ME3
542,MA3S_YEAST,0.39,0.37,0.56,0.15,0.5,0.0,0.5,0.27,CYT
543,MA3R_YEAST,0.33,0.37,0.54,0.28,0.5,0.0,0.53,0.27,NUC
544,MA6T_YEAST,0.39,0.37,0.33,0.23,0.5,0.0,0.52,0.26,ME3
545,MA6R_YEAST,0.33,0.38,0.53,0.26,0.5,0.0,0.52,0.27,NUC
546,AMPM_YEAST,0.48,0.51,0.57,0.24,0.5,0.0,0.5,0.22,CYT
547,MPP2_YEAST,0.5,0.62,0.54,0.66,0.5,0.0,0.49,0.22,MIT
548,MPP1_YEAST,0.47,0.54,0.54,0.48,0.5,0.0,0.53,0.26,MIT
549,OM20_YEAST,0.72,0.58,0.42,0.28,0.5,0.0,0.48,0.22,MIT
550,MAS6_YEAST,0.41,0.41,0.51,0.19,0.5,0.0,0.57,0.22,MIT
551,OM70_YEAST,0.81,0.65,0.52,0.41,0.5,0.0,0.57,0.26,MIT
552,MBP1_YEAST,0.5,0.49,0.52,0.2,0.5,0.0,0.43,0.52,NUC
553,MCM1_YEAST,0.18,0.48,0.46,0.12,0.5,0.0,0.0,0.25,NUC
554,MCM2_YEAST,0.26,0.38,0.52,0.36,0.5,0.0,0.48,0.56,NUC
555,MCM3_YEAST,0.53,0.51,0.51,0.11,0.5,0.0,0.49,0.41,NUC
556,MDHM_YEAST,0.58,0.49,0.5,0.41,0.5,0.0,0.57,0.22,MIT
557,MDHC_YEAST,0.62,0.6,0.47,0.16,0.5,0.0,0.53,0.22,CYT
558,MDHP_YEAST,0.68,0.58,0.51,0.19,0.5,0.83,0.54,0.22,POX
559,MDJ1_YEAST,0.4,0.52,0.53,0.52,0.5,0.0,0.51,0.22,MIT
560,MDL1_YEAST,0.51,0.47,0.41,0.44,0.5,0.0,0.5,0.22,ME3
561,MDL2_YEAST,0.72,0.56,0.4,0.26,0.5,0.0,0.51,0.26,ME2
562,MDM1_YEAST,0.49,0.44,0.45,0.22,0.5,0.0,0.51,0.22,CYT
563,MD10_YEAST,0.32,0.47,0.55,0.25,0.5,0.0,0.49,0.22,MIT
564,MDS1_YEAST,0.46,0.57,0.52,0.28,0.5,0.0,0.52,0.22,NUC
565,EFG1_YEAST,0.53,0.48,0.45,0.44,0.5,0.0,0.49,0.27,MIT
566,EFG2_YEAST,0.49,0.48,0.46,0.63,0.5,0.0,0.52,0.22,MIT
567,MEIX_YEAST,0.7,0.53,0.42,0.22,0.5,0.0,0.51,0.28,NUC
568,AGAL_YEAST,0.68,0.68,0.49,0.15,0.5,0.0,0.53,0.22,EXC
569,MEP1_YEAST,0.47,0.6,0.35,0.21,0.5,0.0,0.52,0.22,ME3
570,MER1_YEAST,0.55,0.49,0.45,0.18,0.5,0.0,0.49,0.22,NUC
571,MER2_YEAST,0.4,0.53,0.61,0.21,0.5,0.0,0.48,0.33,NUC
572,SYMC_YEAST,0.57,0.44,0.42,0.2,0.5,0.0,0.54,0.22,CYT
573,MET2_YEAST,0.4,0.47,0.48,0.18,0.5,0.0,0.46,0.22,CYT
574,MT17_YEAST,0.34,0.54,0.54,0.13,0.5,0.0,0.52,0.22,CYT
575,MT28_YEAST,0.43,0.83,0.55,0.2,0.5,0.0,0.47,0.4,NUC
576,MET4_YEAST,0.55,0.65,0.5,0.28,0.5,0.0,0.55,0.22,NUC
577,METE_YEAST,0.29,0.46,0.54,0.27,0.5,0.0,0.49,0.22,CYT
578,MFA2_YEAST,0.46,0.42,0.6,0.21,0.5,0.0,0.4,0.22,EXC
579,MFA3_YEAST,0.8,0.81,0.55,0.35,0.5,0.0,0.42,0.22,EXC
580,MFA4_YEAST,0.79,0.74,0.49,0.33,0.5,0.0,0.48,0.22,EXC
581,GRPE_YEAST,0.45,0.48,0.63,0.67,0.5,0.0,0.48,0.22,MIT
582,MGM1_YEAST,0.66,0.52,0.52,0.44,0.5,0.0,0.56,0.27,MIT
583,M101_YEAST,0.5,0.49,0.59,0.47,0.5,0.0,0.49,0.36,MIT
584,MGMT_YEAST,0.54,0.52,0.54,0.2,0.5,0.0,0.55,0.25,NUC
585,MIF2_YEAST,0.37,0.31,0.53,0.16,0.5,0.0,0.53,0.44,NUC
586,MIG1_YEAST,0.43,0.39,0.59,0.13,0.5,0.0,0.41,0.43,NUC
587,DPOG_YEAST,0.48,0.47,0.54,0.55,0.5,0.0,0.51,0.65,MIT
588,MPCP_YEAST,0.6,0.59,0.45,0.23,0.5,0.0,0.55,0.22,MIT
589,C1TM_YEAST,0.45,0.73,0.47,0.65,0.5,0.0,0.54,0.43,MIT
590,MLH1_YEAST,0.66,0.54,0.49,0.16,0.5,0.0,0.54,0.36,NUC
591,MLP1_YEAST,0.46,0.55,0.61,0.13,0.5,0.0,0.47,0.22,CYT
592,MASY_YEAST,0.42,0.5,0.53,0.22,0.5,0.83,0.5,0.22,POX
593,MNN1_YEAST,0.66,0.66,0.32,0.54,0.5,0.0,0.51,0.22,ME2
594,MNN9_YEAST,0.74,0.56,0.35,0.36,0.5,0.0,0.51,0.25,ME2
595,MNS1_YEAST,0.89,0.52,0.41,0.26,0.5,0.0,0.52,0.31,ME2
596,MOD5_YEAST,0.67,0.51,0.54,0.21,0.5,0.0,0.43,0.3,MIT
597,MOT1_YEAST,0.58,0.46,0.46,0.34,0.5,0.0,0.5,0.43,NUC
598,MPI1_YEAST,0.4,0.68,0.5,0.82,0.5,0.0,0.44,0.36,MIT
599,MPI2_YEAST,0.59,0.57,0.43,0.26,0.5,0.0,0.51,0.22,MIT
600,MR11_YEAST,0.39,0.3,0.56,0.12,0.5,0.0,0.53,0.38,NUC
601,RF1M_YEAST,0.6,0.62,0.54,0.4,0.5,0.0,0.5,0.22,MIT
602,RT01_YEAST,0.36,0.4,0.53,0.48,0.5,0.0,0.48,0.22,MIT
603,RT13_YEAST,0.51,0.42,0.56,0.38,0.5,0.0,0.46,0.22,MIT
604,RT17_YEAST,0.41,0.54,0.58,0.2,0.5,0.0,0.52,0.22,MIT
605,RT02_YEAST,0.57,0.4,0.62,0.3,0.5,0.0,0.48,0.11,MIT
606,RM41_YEAST,0.52,0.5,0.59,0.31,0.5,0.0,0.5,0.22,MIT
607,RT04_YEAST,0.42,0.53,0.53,0.64,0.5,0.0,0.47,0.22,MIT
608,RM49_YEAST,0.5,0.46,0.64,0.36,0.5,0.0,0.49,0.22,MIT
609,RM02_YEAST,0.6,0.51,0.6,0.38,0.5,0.83,0.52,0.24,MIT
610,RT08_YEAST,0.45,0.38,0.64,0.14,0.5,0.0,0.54,0.22,MIT
611,RM13_YEAST,0.6,0.57,0.64,0.52,0.5,0.0,0.47,0.28,MIT
612,RM16_YEAST,0.53,0.42,0.58,0.29,0.5,0.0,0.5,0.22,MIT
613,RM20_YEAST,0.41,0.52,0.53,0.41,0.5,0.0,0.39,0.33,MIT
614,RM25_YEAST,0.45,0.43,0.63,0.4,0.5,0.0,0.59,0.11,MIT
615,RM27_YEAST,0.44,0.44,0.67,0.35,0.5,0.0,0.48,0.26,MIT
616,RM31_YEAST,0.58,0.52,0.61,0.33,0.5,0.0,0.38,0.11,MIT
617,RM32_YEAST,0.57,0.61,0.55,0.27,0.5,0.0,0.44,0.21,MIT
618,RM33_YEAST,0.57,0.58,0.58,0.35,0.5,0.0,0.49,0.22,MIT
619,RM36_YEAST,0.64,0.64,0.56,0.21,0.5,0.0,0.5,0.22,MIT
620,RM37_YEAST,0.56,0.5,0.61,0.49,0.5,0.0,0.46,0.28,MIT
621,RM38_YEAST,0.6,0.46,0.59,0.16,0.5,0.0,0.49,0.22,MIT
622,RM04_YEAST,0.36,0.38,0.56,0.44,0.5,0.0,0.48,0.22,MIT
623,RM44_YEAST,0.53,0.52,0.61,0.35,0.5,0.0,0.5,0.22,MIT
624,RM06_YEAST,0.62,0.59,0.54,0.47,0.5,0.0,0.46,0.22,MIT
625,RM08_YEAST,0.55,0.5,0.6,0.31,0.5,0.0,0.46,0.27,MIT
626,RM09_YEAST,0.58,0.53,0.57,0.46,0.5,0.0,0.51,0.27,MIT
627,RT28_YEAST,0.65,0.53,0.55,0.52,0.5,0.0,0.47,0.27,MIT
628,RT05_YEAST,0.38,0.54,0.54,0.41,0.5,0.0,0.51,0.22,MIT
629,RT09_YEAST,0.58,0.53,0.5,0.53,0.5,0.0,0.47,0.31,MIT
630,MRS1_YEAST,0.61,0.46,0.51,0.37,0.5,0.0,0.51,0.22,MIT
631,MRS2_YEAST,0.55,0.59,0.47,0.64,0.5,0.0,0.54,0.33,MIT
632,MRS3_YEAST,0.54,0.64,0.5,0.13,0.5,0.0,0.49,0.22,MIT
633,MRS4_YEAST,0.4,0.74,0.49,0.16,0.5,0.0,0.51,0.22,MIT
634,MSB2_YEAST,0.76,0.76,0.35,0.27,0.5,0.0,0.44,0.22,ME1
635,SYDM_YEAST,0.51,0.56,0.51,0.42,0.5,0.0,0.53,0.36,MIT
636,SYFM_YEAST,0.43,0.32,0.5,0.29,0.5,0.0,0.5,0.22,MIT
637,MSH1_YEAST,0.49,0.44,0.45,0.55,0.5,0.0,0.48,0.22,MIT
638,MSH2_YEAST,0.32,0.45,0.44,0.2,0.5,0.0,0.55,0.33,NUC
639,MSH3_YEAST,0.51,0.6,0.51,0.26,0.5,0.0,0.54,0.22,NUC
640,MSH4_YEAST,0.49,0.46,0.42,0.46,0.5,0.0,0.55,0.22,NUC
641,SYKM_YEAST,0.5,0.56,0.49,0.61,0.5,0.0,0.5,0.22,MIT
642,SYMM_YEAST,0.51,0.48,0.51,0.43,0.5,0.0,0.49,0.22,MIT
643,MSN1_YEAST,0.52,0.38,0.62,0.12,0.5,0.0,0.41,0.28,NUC
644,MSN2_YEAST,0.53,0.4,0.57,0.12,0.5,0.0,0.53,0.32,NUC
645,MSN4_YEAST,0.51,0.56,0.62,0.24,0.5,0.0,0.52,0.51,NUC
646,MSP1_YEAST,0.63,0.6,0.5,0.27,0.5,0.0,0.55,0.22,MIT
647,SYR_YEAST,0.46,0.44,0.53,0.31,0.5,0.0,0.48,0.22,MIT
648,MSS1_YEAST,0.58,0.57,0.54,0.69,0.5,0.0,0.54,0.22,MIT
649,MS16_YEAST,0.61,0.59,0.47,0.49,0.5,0.0,0.54,0.22,MIT
650,MS18_YEAST,0.63,0.47,0.56,0.12,0.5,0.0,0.5,0.22,MIT
651,MS51_YEAST,0.55,0.53,0.54,0.4,0.5,0.0,0.48,0.22,MIT
652,SYTM_YEAST,0.41,0.47,0.58,0.62,0.5,0.0,0.5,0.22,MIT
653,SYWM_YEAST,0.44,0.53,0.53,0.37,0.5,0.0,0.51,0.22,MIT
654,MTD1_YEAST,0.57,0.4,0.48,0.24,0.5,0.0,0.55,0.22,CYT
655,MTF1_YEAST,0.46,0.46,0.56,0.12,0.5,0.0,0.55,0.22,MIT
656,RU1A_YEAST,0.47,0.46,0.55,0.28,0.5,0.0,0.44,0.46,NUC
657,YKH4_YEAST,0.39,0.35,0.49,0.17,0.5,0.0,0.49,0.22,NUC
658,MYS1_YEAST,0.58,0.38,0.4,0.21,0.5,0.0,0.5,0.22,CYT
659,MYS2_YEAST,0.53,0.41,0.5,0.24,1.0,0.0,0.47,0.22,CYT
660,MYS4_YEAST,0.43,0.4,0.5,0.18,0.5,0.0,0.5,0.28,CYT
661,YN19_YEAST,0.41,0.59,0.46,0.19,0.5,0.0,0.36,0.22,EXC
662,YN46_YEAST,0.58,0.56,0.52,0.25,0.5,0.0,0.57,0.35,NUC
663,YN70_YEAST,0.51,0.65,0.53,0.19,0.5,0.0,0.49,0.22,EXC
664,YN94_YEAST,0.81,0.79,0.32,0.37,0.5,0.0,0.41,0.22,ME1
665,YNE2_YEAST,0.44,0.41,0.29,0.21,0.5,0.0,0.49,0.22,ME3
666,NAB1_YEAST,0.49,0.6,0.55,0.17,0.5,0.0,0.44,0.22,CYT
667,NAB2_YEAST,0.56,0.63,0.52,0.2,0.5,0.0,0.34,0.26,NUC
668,NAB3_YEAST,0.42,0.28,0.57,0.18,0.5,0.0,0.42,0.22,NUC
669,NAM1_YEAST,0.51,0.46,0.54,0.41,0.5,0.0,0.53,0.22,MIT
670,SYLM_YEAST,0.6,0.51,0.52,0.45,0.5,0.0,0.5,0.27,MIT
671,NAM7_YEAST,0.37,0.41,0.45,0.14,0.5,0.0,0.47,0.22,CYT
672,NAM9_YEAST,0.37,0.51,0.57,0.4,0.5,0.0,0.48,0.27,MIT
673,NAP1_YEAST,0.36,0.39,0.55,0.26,0.5,0.0,0.49,0.22,NUC
674,NAT1_YEAST,0.5,0.36,0.53,0.41,0.5,0.0,0.55,0.36,CYT
675,NAT2_YEAST,0.59,0.58,0.39,0.52,0.5,0.0,0.5,0.31,CYT
676,NCPR_YEAST,0.78,0.63,0.53,0.13,0.5,0.0,0.54,0.22,ME2
677,NDC1_YEAST,0.47,0.59,0.37,0.31,0.5,0.0,0.51,0.36,NUC
678,CB31_YEAST,0.48,0.62,0.52,0.3,0.5,0.0,0.51,0.37,NUC
679,NDI1_YEAST,0.53,0.61,0.51,0.49,0.5,0.0,0.54,0.27,MIT
680,NFS1_YEAST,0.48,0.54,0.53,0.6,0.5,0.0,0.53,0.31,NUC
681,ADA3_YEAST,0.33,0.46,0.53,0.29,0.5,0.0,0.5,0.55,NUC
682,NHP2_YEAST,0.36,0.44,0.51,0.17,0.5,0.0,0.6,0.19,NUC
683,NHPA_YEAST,0.39,0.34,0.68,0.3,0.5,0.0,0.5,0.29,NUC
684,NHPB_YEAST,0.11,0.41,0.67,0.13,0.5,0.0,0.45,0.29,NUC
685,NI96_YEAST,0.4,0.53,0.44,0.18,0.5,0.0,0.54,0.31,NUC
686,NIN1_YEAST,0.47,0.5,0.55,0.19,0.5,0.0,0.62,0.22,CYT
687,NIP1_YEAST,0.35,0.5,0.44,0.27,0.5,0.0,0.51,0.22,CYT
688,NMD2_YEAST,0.36,0.3,0.5,0.19,0.5,0.0,0.55,0.3,NUC
689,NMT_YEAST,0.49,0.44,0.51,0.18,0.5,0.0,0.52,0.27,CYT
690,FBRL_YEAST,0.35,0.44,0.54,0.26,0.5,0.0,0.52,0.26,NUC
691,NOP2_YEAST,0.43,0.28,0.53,0.34,0.5,0.0,0.55,0.57,NUC
692,NOP4_YEAST,0.33,0.48,0.55,0.16,0.5,0.0,0.53,0.75,NUC
693,NOT3_YEAST,0.45,0.21,0.49,0.24,0.5,0.0,0.46,0.31,NUC
694,NOP3_YEAST,0.44,0.34,0.61,0.13,0.5,0.0,0.49,0.26,NUC
695,NSP1_YEAST,0.87,0.47,0.6,0.47,0.5,0.0,0.59,0.22,NUC
696,NSR1_YEAST,0.3,0.55,0.58,0.16,0.5,0.0,0.61,0.28,NUC
697,TREA_YEAST,0.29,0.34,0.55,0.24,0.5,0.0,0.51,0.22,CYT
698,NUC1_YEAST,0.75,0.67,0.51,0.29,0.5,0.0,0.52,0.36,MIT
699,RNC1_YEAST,0.47,0.47,0.5,0.15,0.5,0.0,0.5,0.48,NUC
700,NUF1_YEAST,0.51,0.34,0.49,0.16,0.5,0.0,0.53,0.21,NUC
701,NUF2_YEAST,0.64,0.76,0.51,0.18,0.5,0.0,0.46,0.22,NUC
702,NUP1_YEAST,0.45,0.41,0.58,0.48,0.5,0.0,0.53,0.64,NUC
703,N100_YEAST,0.9,0.54,0.59,0.2,0.5,0.0,0.48,0.22,NUC
704,N116_YEAST,0.88,0.59,0.54,0.39,0.5,0.0,0.41,0.3,NUC
705,YK62_YEAST,0.7,0.51,0.47,0.24,0.5,0.0,0.53,0.25,NUC
706,NUP2_YEAST,0.25,0.36,0.58,0.3,0.5,0.0,0.58,0.31,NUC
707,NU49_YEAST,0.69,0.62,0.49,0.0,1.0,0.0,0.47,0.22,NUC
708,OCH1_YEAST,0.83,0.57,0.42,0.57,0.5,0.0,0.5,0.32,ME2
709,ACO1_YEAST,0.43,0.38,0.38,0.12,0.5,0.0,0.5,0.22,ME2
710,ATP9_YEAST,0.78,0.65,0.4,0.16,0.5,0.0,0.63,0.22,MIT
711,ATP6_YEAST,0.52,0.64,0.34,0.16,0.5,0.0,0.57,0.22,MIT
712,OM45_YEAST,0.75,0.66,0.64,0.39,0.5,0.0,0.46,0.32,MIT
713,PORI_YEAST,0.41,0.49,0.58,0.22,0.5,0.0,0.52,0.22,MIT
714,OPI1_YEAST,0.58,0.51,0.56,0.16,0.5,0.0,0.34,0.22,NUC
715,PEM2_YEAST,0.48,0.49,0.45,0.23,0.5,0.0,0.51,0.22,ME3
716,ORC2_YEAST,0.39,0.42,0.49,0.1,0.5,0.0,0.49,0.65,NUC
717,YHR8_YEAST,0.31,0.42,0.48,0.17,0.5,0.0,0.49,0.53,NUC
718,YM38_YEAST,0.39,0.28,0.54,0.14,0.5,0.0,0.59,0.22,MIT
719,YINO_YEAST,0.76,0.67,0.37,0.22,0.5,0.0,0.54,0.22,ME2
720,YDA2_YEAST,0.49,0.27,0.57,0.18,0.5,0.83,0.54,0.22,POX
721,PABP_YEAST,0.28,0.48,0.56,0.16,0.5,0.0,0.48,0.26,CYT
722,PAN1_YEAST,0.69,0.39,0.52,0.12,0.5,0.0,0.38,0.35,CYT
723,PAP_YEAST,0.64,0.52,0.5,0.26,0.5,0.0,0.51,0.31,NUC
724,PAS1_YEAST,0.56,0.48,0.5,0.3,0.5,0.0,0.51,0.22,CYT
725,PTSR_YEAST,0.5,0.5,0.54,0.16,0.5,0.0,0.49,0.22,POX
726,UBCX_YEAST,0.47,0.43,0.59,0.27,0.5,0.0,0.55,0.22,POX
727,PAS3_YEAST,0.68,0.59,0.44,0.49,0.5,0.0,0.4,0.26,POX
728,PAS7_YEAST,0.5,0.51,0.57,0.27,0.5,0.0,0.48,0.22,POX
729,IPB2_YEAST,0.45,0.46,0.61,0.2,0.5,0.0,0.62,0.22,CYT
730,ATC2_YEAST,0.53,0.51,0.36,0.13,0.5,0.0,0.52,0.22,ME3
731,ODPA_YEAST,0.6,0.54,0.54,0.53,0.5,0.0,0.52,0.27,MIT
732,ODPB_YEAST,0.49,0.52,0.53,0.7,0.5,0.0,0.51,0.22,MIT
733,DCP1_YEAST,0.49,0.45,0.53,0.16,0.5,0.0,0.49,0.31,CYT
734,PDC2_YEAST,0.51,0.46,0.57,0.25,0.5,0.0,0.53,0.22,CYT
735,DCP2_YEAST,0.49,0.45,0.46,0.18,0.5,0.0,0.49,0.31,CYT
736,DCP3_YEAST,0.52,0.46,0.51,0.18,0.5,0.0,0.5,0.22,CYT
737,CNA1_YEAST,0.55,0.59,0.52,0.1,0.5,0.0,0.53,0.22,CYT
738,CNA2_YEAST,0.39,0.58,0.5,0.1,0.5,0.0,0.51,0.25,CYT
739,PDI_YEAST,0.7,0.84,0.49,0.28,1.0,0.0,0.58,0.22,ERL
740,PDR1_YEAST,0.33,0.38,0.45,0.19,0.5,0.0,0.54,0.37,NUC
741,PDR3_YEAST,0.61,0.46,0.44,0.47,0.5,0.0,0.5,0.37,NUC
742,PDR5_YEAST,0.41,0.48,0.38,0.13,0.5,0.0,0.51,0.35,ME3
743,PDS1_YEAST,0.37,0.42,0.6,0.13,0.5,0.0,0.51,0.22,NUC
744,ODPX_YEAST,0.45,0.58,0.59,0.44,0.5,0.0,0.56,0.22,MIT
745,PEP1_YEAST,0.74,0.89,0.32,0.24,0.5,0.0,0.54,0.32,ME1
746,PE12_YEAST,0.28,0.46,0.26,0.18,0.5,0.0,0.39,0.22,VAC
747,PEP3_YEAST,0.51,0.46,0.49,0.21,0.5,0.0,0.55,0.22,VAC
748,CARP_YEAST,0.8,0.82,0.57,0.26,0.5,0.0,0.57,0.27,VAC
749,END1_YEAST,0.46,0.49,0.45,0.28,0.5,0.0,0.55,0.22,VAC
750,PEP8_YEAST,0.4,0.36,0.55,0.15,0.5,0.0,0.53,0.22,VAC
751,PES4_YEAST,0.67,0.46,0.58,0.3,0.5,0.0,0.57,0.27,NUC
752,PT11_YEAST,0.5,0.32,0.49,0.49,0.5,0.0,0.48,0.32,MIT
753,PT12_YEAST,0.45,0.53,0.47,0.43,0.5,0.0,0.5,0.27,MIT
754,PT17_YEAST,0.75,0.6,0.43,0.35,0.5,0.0,0.45,0.27,MIT
755,PT22_YEAST,0.56,0.68,0.52,0.39,0.5,0.0,0.36,0.22,MIT
756,RTPT_YEAST,0.48,0.45,0.59,0.35,0.5,0.0,0.55,0.3,MIT
757,PT27_YEAST,0.26,0.28,0.6,0.2,0.5,0.0,0.54,0.31,MIT
758,PT91_YEAST,0.59,0.45,0.58,0.21,0.5,0.0,0.49,0.22,MIT
759,PT09_YEAST,0.48,0.52,0.49,0.35,0.5,0.5,0.51,0.22,MIT
760,PT94_YEAST,0.59,0.58,0.47,0.61,0.5,0.0,0.44,0.3,MIT
761,PT54_YEAST,0.5,0.57,0.62,0.25,0.5,0.0,0.51,0.22,MIT
762,K6P1_YEAST,0.57,0.49,0.5,0.2,0.5,0.0,0.51,0.28,CYT
763,K6P2_YEAST,0.62,0.43,0.49,0.29,0.5,0.0,0.5,0.27,CYT
764,6P2K_YEAST,0.45,0.41,0.49,0.14,1.0,0.0,0.53,0.3,CYT
765,PROF_YEAST,0.47,0.49,0.6,0.15,0.5,0.0,0.38,0.22,CYT
766,PGD1_YEAST,0.41,0.48,0.54,0.24,0.5,0.0,0.37,0.51,NUC
767,G6PI_YEAST,0.46,0.46,0.53,0.23,0.5,0.0,0.51,0.22,CYT
768,PGK_YEAST,0.48,0.42,0.48,0.19,0.5,0.0,0.58,0.22,CYT
769,PGM1_YEAST,0.43,0.45,0.53,0.19,0.5,0.0,0.56,0.22,CYT
770,PGM2_YEAST,0.28,0.36,0.55,0.15,0.5,0.0,0.57,0.22,CYT
771,PHD1_YEAST,0.48,0.46,0.58,0.26,0.5,0.0,0.44,0.22,NUC
772,PPAB_YEAST,0.74,0.72,0.5,0.28,0.5,0.0,0.5,0.27,EXC
773,PPAC_YEAST,0.74,0.72,0.5,0.28,0.5,0.0,0.49,0.27,EXC
774,PNPP_YEAST,0.38,0.62,0.52,0.14,0.5,0.0,0.53,0.22,CYT
775,PPA3_YEAST,0.77,0.72,0.48,0.26,0.5,0.0,0.51,0.22,EXC
776,PHO4_YEAST,0.44,0.42,0.57,0.22,0.5,0.0,0.5,0.25,NUC
777,PPA5_YEAST,0.74,0.74,0.51,0.27,0.5,0.0,0.5,0.22,EXC
778,PPB_YEAST,0.39,0.81,0.35,0.28,0.5,0.0,0.51,0.45,ME3
779,PH80_YEAST,0.53,0.54,0.43,0.18,0.5,0.0,0.53,0.31,NUC
780,PH84_YEAST,0.38,0.45,0.37,0.19,0.5,0.0,0.52,0.3,ME3
781,PH85_YEAST,0.4,0.37,0.54,0.13,0.5,0.0,0.48,0.22,NUC
782,YCS7_YEAST,0.31,0.3,0.34,0.19,0.5,0.0,0.55,0.3,ME3
783,PHR_YEAST,0.5,0.42,0.57,0.49,0.5,0.0,0.48,0.27,NUC
784,PIF1_YEAST,0.59,0.61,0.51,0.62,0.5,0.0,0.51,0.38,MIT
785,PIK1_YEAST,0.45,0.4,0.43,0.22,0.5,0.0,0.51,0.48,NUC
786,LONM_YEAST,0.47,0.54,0.53,0.77,0.5,0.0,0.52,0.36,MIT
787,PIR1_YEAST,0.77,0.78,0.51,0.28,0.5,0.0,0.33,0.22,EXC
788,H150_YEAST,0.74,0.71,0.52,0.3,0.5,0.0,0.27,0.22,EXC
789,PIR3_YEAST,0.77,0.73,0.51,0.27,0.5,0.0,0.34,0.22,EXC
790,PIS_YEAST,0.47,0.61,0.5,0.23,0.5,0.0,0.49,0.22,ME3
791,PLB1_YEAST,0.78,0.69,0.44,0.26,0.5,0.0,0.54,0.22,ME1
792,ATH1_YEAST,0.49,0.6,0.3,0.34,0.5,0.0,0.5,0.43,ME3
793,ATH2_YEAST,0.27,0.56,0.3,0.14,0.5,0.0,0.52,0.39,ME3
794,ATC3_YEAST,0.4,0.39,0.33,0.17,0.5,0.0,0.51,0.31,VAC
795,MANA_YEAST,0.55,0.51,0.54,0.2,0.5,0.0,0.56,0.22,CYT
796,PMP1_YEAST,0.95,0.71,0.27,0.39,0.5,0.0,0.31,0.22,ME2
797,PMP2_YEAST,0.97,0.71,0.29,0.42,0.5,0.0,0.35,0.22,ME2
798,ATC1_YEAST,0.44,0.43,0.34,0.21,0.5,0.0,0.55,0.4,ME3
799,ATN1_YEAST,0.39,0.49,0.3,0.19,0.5,0.0,0.52,0.31,ME3
800,PMS1_YEAST,0.38,0.48,0.51,0.13,0.5,0.0,0.5,0.32,NUC
801,PMT1_YEAST,0.37,0.51,0.39,0.18,0.5,0.0,0.51,0.27,ME3
802,PMT2_YEAST,0.27,0.49,0.36,0.26,0.5,0.0,0.49,0.26,ME3
803,POB1_YEAST,0.49,0.48,0.52,0.2,0.5,0.0,0.55,0.22,NUC
804,DPOA_YEAST,0.36,0.39,0.54,0.16,0.5,0.0,0.5,0.28,NUC
805,DPO2_YEAST,0.54,0.53,0.48,0.14,0.5,0.0,0.49,0.33,NUC
806,DPOE_YEAST,0.37,0.48,0.5,0.26,0.5,0.0,0.52,0.39,NUC
807,DPOD_YEAST,0.25,0.39,0.5,0.23,0.5,0.0,0.5,0.28,NUC
808,PCNA_YEAST,0.49,0.71,0.54,0.13,0.5,0.0,0.58,0.22,NUC
809,DPO4_YEAST,0.56,0.5,0.56,0.26,0.5,0.0,0.53,0.27,NUC
810,P152_YEAST,0.41,0.53,0.41,0.15,0.5,0.0,0.54,0.25,NUC
811,POP2_YEAST,0.5,0.45,0.53,0.21,0.5,0.0,0.28,0.22,NUC
812,CAO_YEAST,0.46,0.37,0.48,0.36,0.5,0.0,0.48,0.22,POX
813,PPA1_YEAST,0.66,0.55,0.34,0.2,0.5,0.0,0.62,0.22,ME3
814,IPY2_YEAST,0.42,0.65,0.58,0.34,0.5,0.0,0.5,0.22,MIT
815,PPCK_YEAST,0.45,0.47,0.53,0.15,0.5,0.0,0.52,0.27,CYT
816,PPR1_YEAST,0.42,0.28,0.51,0.23,0.5,0.0,0.53,0.27,NUC
817,PPX1_YEAST,0.51,0.48,0.46,0.29,0.5,0.0,0.54,0.22,CYT
818,PRTB_YEAST,0.75,0.69,0.48,0.13,0.5,0.0,0.57,0.4,VAC
819,CBPY_YEAST,0.69,0.7,0.5,0.3,0.5,0.0,0.54,0.22,VAC
820,PRTD_YEAST,0.63,0.55,0.53,0.51,0.5,0.0,0.55,0.22,VAC
821,PRCG_YEAST,0.55,0.63,0.54,0.16,0.5,0.0,0.45,0.27,CYT
822,PRCE_YEAST,0.46,0.62,0.54,0.25,0.5,0.0,0.46,0.22,CYT
823,PRCD_YEAST,0.53,0.59,0.48,0.14,0.5,0.0,0.51,0.22,CYT
824,PRCH_YEAST,0.42,0.53,0.57,0.17,0.5,0.0,0.49,0.22,CYT
825,PRC2_YEAST,0.52,0.46,0.56,0.2,0.5,0.0,0.5,0.22,CYT
826,PRC6_YEAST,0.53,0.43,0.57,0.24,0.5,0.0,0.39,0.28,CYT
827,PRI1_YEAST,0.33,0.35,0.56,0.19,0.5,0.0,0.5,0.22,NUC
828,PRI2_YEAST,0.45,0.48,0.56,0.56,0.5,0.0,0.47,0.22,NUC
829,PROB_YEAST,0.56,0.48,0.5,0.17,0.5,0.0,0.51,0.26,CYT
830,PROC_YEAST,0.77,0.57,0.45,0.17,0.5,0.0,0.53,0.22,CYT
831,PR16_YEAST,0.56,0.59,0.54,0.18,0.5,0.0,0.48,0.46,NUC
832,PR18_YEAST,0.33,0.39,0.52,0.09,0.5,0.0,0.47,0.28,NUC
833,PR19_YEAST,0.48,0.41,0.54,0.39,0.5,0.0,0.51,0.22,NUC
834,PR02_YEAST,0.3,0.3,0.46,0.32,0.5,0.0,0.45,0.22,NUC
835,PR21_YEAST,0.38,0.26,0.6,0.1,0.5,0.0,0.48,0.44,NUC
836,PR22_YEAST,0.68,0.39,0.5,0.15,0.5,0.0,0.48,0.37,NUC
837,PR28_YEAST,0.62,0.41,0.52,0.17,0.5,0.0,0.48,0.22,NUC
838,PR38_YEAST,0.52,0.37,0.48,0.13,0.5,0.0,0.55,0.22,NUC
839,PR39_YEAST,0.32,0.48,0.49,0.17,0.5,0.0,0.47,0.22,NUC
840,PR04_YEAST,0.34,0.35,0.58,0.2,0.5,0.0,0.46,0.32,NUC
841,PR05_YEAST,0.33,0.21,0.53,0.15,1.0,0.0,0.52,0.5,NUC
842,PR06_YEAST,0.49,0.45,0.57,0.24,0.5,0.0,0.47,0.38,NUC
843,PR08_YEAST,0.4,0.28,0.48,0.06,0.5,0.0,0.49,0.42,NUC
844,PR09_YEAST,0.51,0.39,0.56,0.25,0.5,0.0,0.51,0.33,NUC
845,PRC8_YEAST,0.45,0.45,0.52,0.17,0.5,0.0,0.54,0.22,CYT
846,PRC5_YEAST,0.28,0.51,0.55,0.19,0.5,0.0,0.57,0.22,CYT
847,PRC3_YEAST,0.51,0.51,0.56,0.28,0.5,0.0,0.54,0.27,CYT
848,PRC9_YEAST,0.48,0.56,0.49,0.32,0.5,0.0,0.5,0.22,CYT
849,PRT1_YEAST,0.59,0.46,0.48,0.46,0.5,0.0,0.49,0.22,CYT
850,DPSD_YEAST,0.51,0.46,0.4,0.65,0.5,0.0,0.49,0.22,MIT
851,SNM1_YEAST,0.37,0.44,0.51,0.56,0.5,0.0,0.5,0.38,NUC
852,PTM1_YEAST,0.81,0.55,0.35,0.34,0.5,0.0,0.51,0.22,ME2
853,PTP1_YEAST,0.53,0.45,0.53,0.18,0.5,0.0,0.42,0.22,CYT
854,PTP2_YEAST,0.45,0.27,0.5,0.33,0.5,0.0,0.53,0.26,CYT
855,PTR2_YEAST,0.36,0.33,0.38,0.15,0.5,0.0,0.55,0.36,ME3
856,PUB1_YEAST,0.48,0.5,0.56,0.11,0.5,0.0,0.33,0.22,CYT
857,PRCF_YEAST,0.35,0.47,0.53,0.19,0.5,0.0,0.48,0.22,CYT
858,PRCZ_YEAST,0.48,0.48,0.56,0.18,0.5,0.0,0.58,0.22,CYT
859,PUT1_YEAST,0.6,0.59,0.47,0.47,0.5,0.0,0.53,0.22,MIT
860,PUT2_YEAST,0.45,0.53,0.51,0.42,0.5,0.0,0.52,0.22,MIT
861,PUT3_YEAST,0.29,0.4,0.41,0.48,0.5,0.0,0.53,0.3,NUC
862,PUT4_YEAST,0.58,0.53,0.33,0.26,0.5,0.0,0.51,0.22,ME3
863,PYC1_YEAST,0.46,0.43,0.5,0.24,0.5,0.0,0.48,0.31,CYT
864,PYC2_YEAST,0.43,0.46,0.5,0.21,0.5,0.0,0.49,0.34,CYT
865,KPYK_YEAST,0.61,0.55,0.51,0.26,0.5,0.0,0.52,0.22,CYT
866,UCRX_YEAST,0.5,0.62,0.52,0.3,0.5,0.0,0.56,0.22,MIT
867,UCR2_YEAST,0.49,0.45,0.54,0.4,0.5,0.0,0.55,0.22,MIT
868,UCR6_YEAST,0.64,0.53,0.59,0.14,0.5,0.0,0.53,0.22,MIT
869,UCRQ_YEAST,0.57,0.6,0.54,0.17,0.5,0.0,0.52,0.22,MIT
870,UCR8_YEAST,0.38,0.31,0.59,0.19,0.5,0.0,0.46,0.22,MIT
871,UCR9_YEAST,0.68,0.53,0.44,0.31,0.5,0.0,0.51,0.22,MIT
872,RAD1_YEAST,0.24,0.41,0.47,0.16,0.5,0.0,0.51,0.38,NUC
873,RA10_YEAST,0.61,0.39,0.53,0.14,0.5,0.0,0.43,0.26,NUC
874,RA14_YEAST,0.39,0.16,0.59,0.08,0.5,0.0,0.51,0.27,NUC
875,RA16_YEAST,0.33,0.28,0.5,0.4,0.5,0.0,0.46,0.61,NUC
876,RA18_YEAST,0.51,0.55,0.56,0.18,0.5,0.0,0.5,0.38,NUC
877,RAD2_YEAST,0.39,0.44,0.54,0.24,0.5,0.0,0.51,0.49,NUC
878,RA23_YEAST,0.43,0.48,0.53,0.18,0.5,0.0,0.46,0.22,NUC
879,RA26_YEAST,0.47,0.43,0.48,0.16,0.5,0.0,0.46,0.27,NUC
880,RAD3_YEAST,0.52,0.5,0.51,0.2,0.5,0.0,0.51,0.22,NUC
881,RAD4_YEAST,0.33,0.28,0.52,0.15,0.5,0.0,0.51,0.86,NUC
882,RAD5_YEAST,0.36,0.48,0.5,0.13,0.5,0.0,0.49,0.6,NUC
883,RA50_YEAST,0.45,0.54,0.49,0.29,0.5,0.0,0.49,0.25,NUC
884,RA51_YEAST,0.55,0.59,0.53,0.15,0.5,0.0,0.49,0.22,NUC
885,RA52_YEAST,0.31,0.39,0.55,0.28,0.5,0.0,0.46,0.31,NUC
886,RA54_YEAST,0.43,0.41,0.51,0.34,0.5,0.0,0.49,0.28,NUC
887,RA55_YEAST,0.64,0.5,0.53,0.1,0.5,0.0,0.51,0.22,NUC
888,RA57_YEAST,0.41,0.52,0.56,0.26,0.5,0.0,0.48,0.32,NUC
889,UBC2_YEAST,0.48,0.47,0.59,0.41,0.5,0.0,0.56,0.27,NUC
890,RAD7_YEAST,0.49,0.49,0.51,0.29,0.5,0.0,0.52,0.71,NUC
891,RAD9_YEAST,0.41,0.52,0.51,0.22,0.5,0.0,0.52,0.44,NUC
892,SRS2_YEAST,0.51,0.61,0.5,0.23,0.5,0.0,0.52,0.61,NUC
893,RAM1_YEAST,0.59,0.47,0.51,0.53,0.5,0.0,0.53,0.26,CYT
894,RAM2_YEAST,0.4,0.6,0.5,0.16,0.5,0.0,0.51,0.22,CYT
895,RAP1_YEAST,0.54,0.53,0.53,0.17,0.5,0.0,0.51,0.39,NUC
896,RAS1_YEAST,0.61,0.46,0.54,0.11,0.5,0.0,0.47,0.22,CYT
897,RAS2_YEAST,0.66,0.55,0.54,0.18,0.5,0.0,0.43,0.22,CYT
898,RAT1_YEAST,0.53,0.46,0.54,0.37,0.5,0.0,0.51,0.3,NUC
899,RCA1_YEAST,0.41,0.41,0.43,0.61,0.5,0.0,0.53,0.22,MIT
900,REB1_YEAST,0.58,0.31,0.6,0.12,0.5,0.0,0.47,0.33,NUC
901,R102_YEAST,0.49,0.67,0.5,0.28,0.5,0.0,0.43,0.22,NUC
902,R104_YEAST,0.44,0.33,0.55,0.16,0.5,0.0,0.49,0.22,NUC
903,R114_YEAST,0.44,0.45,0.53,0.19,0.5,0.0,0.41,0.28,NUC
904,RED1_YEAST,0.57,0.55,0.52,0.16,0.5,0.0,0.49,0.39,NUC
905,RER1_YEAST,0.45,0.66,0.39,0.11,0.5,0.0,0.54,0.22,ME3
906,DPOX_YEAST,0.32,0.49,0.53,0.28,0.5,0.0,0.5,0.5,NUC
907,RFA1_YEAST,0.35,0.42,0.56,0.28,0.5,0.0,0.47,0.22,NUC
908,RFA2_YEAST,0.46,0.41,0.58,0.1,0.5,0.0,0.48,0.22,NUC
909,RFA3_YEAST,0.57,0.51,0.58,0.22,0.5,0.0,0.51,0.22,NUC
910,RFC2_YEAST,0.47,0.47,0.54,0.19,0.5,0.0,0.51,0.33,NUC
911,RFC3_YEAST,0.34,0.58,0.5,0.26,0.5,0.0,0.51,0.22,NUC
912,RFC4_YEAST,0.55,0.45,0.58,0.25,0.5,0.0,0.49,0.22,NUC
913,RFT1_YEAST,0.4,0.66,0.34,0.21,0.5,0.0,0.52,0.26,NUC
914,RGM1_YEAST,0.42,0.21,0.59,0.3,0.5,0.0,0.47,0.27,NUC
915,RHO1_YEAST,0.6,0.48,0.46,0.32,0.5,0.0,0.4,0.33,CYT
916,RHO2_YEAST,0.64,0.44,0.51,0.35,0.5,0.0,0.53,0.22,CYT
917,RIF1_YEAST,0.35,0.4,0.44,0.25,0.5,0.0,0.53,0.57,NUC
918,RIM1_YEAST,0.55,0.38,0.64,0.42,0.5,0.0,0.47,0.22,MIT
919,RIM2_YEAST,0.45,0.43,0.5,0.25,0.5,0.0,0.47,0.22,MIT
920,UCRI_YEAST,0.47,0.53,0.48,0.51,0.5,0.0,0.54,0.22,MIT
921,RME1_YEAST,0.45,0.49,0.57,0.25,0.5,0.0,0.48,0.22,NUC
922,RNA1_YEAST,0.45,0.52,0.5,0.12,0.5,0.0,0.6,0.22,CYT
923,RN12_YEAST,0.56,0.51,0.32,0.49,0.5,0.0,0.48,0.22,NUC
924,RN14_YEAST,0.37,0.58,0.5,0.22,0.5,0.0,0.47,0.22,NUC
925,RN15_YEAST,0.47,0.45,0.51,0.33,0.5,0.0,0.46,0.26,NUC
926,ROX1_YEAST,0.5,0.36,0.64,0.37,0.5,0.0,0.37,0.33,NUC
927,ROX3_YEAST,0.43,0.44,0.64,0.19,0.5,0.0,0.38,0.33,NUC
928,RS3A_YEAST,0.38,0.4,0.59,0.25,0.5,0.0,0.44,0.22,CYT
929,RS3B_YEAST,0.39,0.39,0.59,0.25,0.5,0.0,0.45,0.22,CYT
930,R13A_YEAST,0.54,0.55,0.56,0.14,0.5,0.0,0.5,0.25,CYT
931,RL18_YEAST,0.45,0.5,0.57,0.29,0.5,0.0,0.44,0.11,CYT
932,RL18_YEAST,0.45,0.5,0.57,0.29,0.5,0.0,0.44,0.11,CYT
933,RS24_YEAST,0.61,0.38,0.57,0.36,0.5,0.0,0.44,0.21,CYT
934,RS24_YEAST,0.61,0.38,0.57,0.36,0.5,0.0,0.44,0.21,CYT
935,R17A_YEAST,0.43,0.33,0.54,0.37,0.5,0.0,0.38,0.16,CYT
936,R17B_YEAST,0.43,0.33,0.54,0.37,0.5,0.0,0.38,0.16,CYT
937,R61A_YEAST,0.51,0.39,0.58,0.19,0.5,0.0,0.47,0.22,CYT
938,RPA9_YEAST,0.72,0.51,0.52,0.08,0.5,0.0,0.54,0.22,NUC
939,RPA2_YEAST,0.35,0.41,0.53,0.27,0.5,0.0,0.47,0.29,NUC
940,RPA1_YEAST,0.56,0.49,0.54,0.15,0.5,0.0,0.5,0.35,NUC
941,RPA3_YEAST,0.57,0.37,0.43,0.27,0.5,0.0,0.53,0.28,NUC
942,RPBX_YEAST,0.57,0.49,0.61,0.26,0.5,0.0,0.52,0.22,NUC
943,RPBY_YEAST,0.48,0.45,0.63,0.19,0.5,0.0,0.58,0.22,NUC
944,RPB2_YEAST,0.34,0.48,0.47,0.19,0.5,0.0,0.5,0.3,NUC
945,RPB3_YEAST,0.54,0.57,0.55,0.18,0.5,0.0,0.5,0.22,NUC
946,RPB4_YEAST,0.38,0.44,0.55,0.44,0.5,0.0,0.47,0.51,NUC
947,RPB5_YEAST,0.4,0.3,0.57,0.13,0.5,0.0,0.46,0.22,NUC
948,RPB6_YEAST,0.27,0.31,0.55,0.13,0.5,0.0,0.5,0.22,NUC
949,RPB7_YEAST,0.52,0.46,0.56,0.25,0.5,0.0,0.52,0.22,NUC
950,RPB8_YEAST,0.44,0.5,0.55,0.24,0.5,0.0,0.48,0.22,NUC
951,RPB9_YEAST,0.34,0.47,0.48,0.32,0.5,0.0,0.42,0.22,NUC
952,RPCX_YEAST,0.5,0.56,0.63,0.25,0.5,0.0,0.42,0.22,NUC
953,RPC2_YEAST,0.46,0.53,0.47,0.37,0.5,0.0,0.51,0.36,NUC
954,RPC9_YEAST,0.31,0.6,0.65,0.18,0.5,0.0,0.46,0.22,NUC
955,RPC8_YEAST,0.57,0.42,0.63,0.22,0.5,0.0,0.68,0.32,NUC
956,RPC6_YEAST,0.37,0.45,0.53,0.14,0.5,0.0,0.49,0.22,NUC
957,RPC5_YEAST,0.38,0.38,0.54,0.24,0.5,0.0,0.54,0.22,NUC
958,RPC4_YEAST,0.36,0.49,0.55,0.21,0.5,0.0,0.55,0.33,NUC
959,RPC3_YEAST,0.29,0.4,0.5,0.16,0.5,0.0,0.51,0.34,NUC
960,RPD3_YEAST,0.37,0.3,0.51,0.15,0.5,0.0,0.58,0.26,NUC
961,RL1_YEAST,0.35,0.33,0.48,0.42,0.5,0.0,0.47,0.43,CYT
962,RL15_YEAST,0.46,0.35,0.69,0.18,0.5,0.0,0.3,0.25,CYT
963,RL15_YEAST,0.46,0.35,0.69,0.18,0.5,0.0,0.3,0.25,CYT
964,R14A_YEAST,0.57,0.43,0.52,0.3,0.5,0.0,0.37,0.11,CYT
965,R14B_YEAST,0.57,0.43,0.52,0.3,0.5,0.0,0.37,0.11,CYT
966,RL12_YEAST,0.59,0.51,0.48,0.12,0.5,0.0,0.54,0.31,CYT
967,RL12_YEAST,0.59,0.51,0.48,0.12,0.5,0.0,0.54,0.31,CYT
968,RL16_YEAST,0.61,0.53,0.59,0.17,0.5,0.0,0.44,0.28,CYT
969,RL1A_YEAST,0.61,0.48,0.56,0.19,0.5,0.0,0.53,0.31,CYT
970,RL1A_YEAST,0.61,0.48,0.56,0.19,0.5,0.0,0.53,0.31,CYT
971,R16A_YEAST,0.44,0.56,0.52,0.18,0.5,0.0,0.5,0.11,CYT
972,R16B_YEAST,0.36,0.56,0.52,0.18,0.5,0.0,0.45,0.16,CYT
973,RL17_YEAST,0.37,0.44,0.64,0.48,0.5,0.0,0.36,0.27,CYT
974,RL19_YEAST,0.72,0.37,0.63,0.38,0.5,0.0,0.4,0.14,CYT
975,RL19_YEAST,0.72,0.37,0.63,0.38,0.5,0.0,0.4,0.14,CYT
976,RL25_YEAST,0.44,0.36,0.64,0.45,0.5,0.0,0.53,0.11,CYT
977,RL27_YEAST,0.58,0.45,0.55,0.27,0.5,0.0,0.48,0.11,CYT
978,RL2_YEAST,0.63,0.64,0.45,0.26,0.5,0.0,0.43,0.22,CYT
979,RL2_YEAST,0.63,0.64,0.45,0.26,0.5,0.0,0.43,0.22,CYT
980,RL3A_YEAST,0.43,0.33,0.67,0.12,0.5,0.0,0.45,0.23,CYT
981,RL3B_YEAST,0.43,0.33,0.67,0.12,0.5,0.0,0.43,0.23,CYT
982,RL3E_YEAST,0.58,0.44,0.5,0.26,0.5,0.0,0.52,0.22,CYT
983,RL34_YEAST,0.38,0.43,0.53,0.22,0.5,0.0,0.48,0.11,CYT
984,R37A_YEAST,0.4,0.45,0.61,0.29,0.5,0.0,0.44,0.22,CYT
985,R37B_YEAST,0.4,0.45,0.61,0.29,0.5,0.0,0.44,0.22,CYT
986,RL44_YEAST,0.34,0.34,0.65,0.4,0.5,0.0,0.32,0.16,CYT
987,RL44_YEAST,0.34,0.34,0.65,0.4,0.5,0.0,0.32,0.16,CYT
988,RL46_YEAST,0.43,0.22,0.79,0.79,0.5,0.0,0.22,0.0,CYT
989,RL41_YEAST,0.35,0.21,1.0,0.8,0.5,0.0,0.13,0.01,CYT
990,RL41_YEAST,0.35,0.21,1.0,0.8,0.5,0.0,0.13,0.01,CYT
991,RL4A_YEAST,0.56,0.35,0.47,0.41,0.5,0.0,0.5,0.22,CYT
992,RL4B_YEAST,0.56,0.35,0.47,0.35,0.5,0.0,0.52,0.22,CYT
993,RL6_YEAST,0.54,0.44,0.55,0.48,0.5,0.0,0.47,0.22,CYT
994,RL71_YEAST,0.35,0.39,0.56,0.2,0.5,0.0,0.49,0.41,CYT
995,RL9_YEAST,0.48,0.46,0.58,0.16,0.5,0.0,0.45,0.22,CYT
996,RLA0_YEAST,0.48,0.55,0.48,0.1,0.5,0.0,0.55,0.22,CYT
997,RLA1_YEAST,0.66,0.6,0.52,0.19,0.5,0.0,0.69,0.22,CYT
998,RLA2_YEAST,0.69,0.54,0.55,0.23,0.5,0.0,0.73,0.22,CYT
999,RLA3_YEAST,0.73,0.6,0.47,0.2,0.5,0.0,0.72,0.22,CYT
1000,RLA4_YEAST,0.78,0.82,0.56,0.21,0.5,0.0,0.69,0.22,CYT
1001,RPM2_YEAST,0.42,0.49,0.49,0.36,0.5,0.0,0.57,0.26,MIT
1002,RPB1_YEAST,0.44,0.62,0.53,0.27,0.5,0.0,0.49,0.22,NUC
1003,RPC1_YEAST,0.56,0.61,0.52,0.19,0.5,0.0,0.52,0.32,NUC
1004,RPOM_YEAST,0.47,0.56,0.46,0.5,0.5,0.0,0.51,0.22,MIT
1005,RS6_YEAST,0.46,0.33,0.45,0.22,0.5,0.0,0.41,0.37,CYT
1006,R19A_YEAST,0.52,0.43,0.61,0.22,0.5,0.0,0.45,0.22,CYT
1007,R19B_YEAST,0.52,0.43,0.61,0.22,0.5,0.0,0.45,0.22,CYT
1008,RS41_YEAST,0.32,0.44,0.54,0.21,0.5,0.0,0.4,0.19,CYT
1009,RS41_YEAST,0.32,0.44,0.54,0.21,0.5,0.0,0.4,0.19,CYT
1010,RS15_YEAST,0.48,0.41,0.52,0.33,0.5,0.0,0.51,0.26,CYT
1011,RS22_YEAST,0.46,0.39,0.54,0.22,0.5,0.0,0.48,0.25,CYT
1012,RS22_YEAST,0.46,0.39,0.54,0.22,0.5,0.0,0.48,0.25,CYT
1013,RS21_YEAST,0.42,0.5,0.64,0.13,0.5,0.0,0.49,0.22,CYT
1014,R26A_YEAST,0.46,0.54,0.59,0.41,0.5,0.0,0.53,0.21,CYT
1015,R26B_YEAST,0.46,0.54,0.59,0.41,0.5,0.0,0.53,0.21,CYT
1016,R271_YEAST,0.39,0.65,0.57,0.19,0.5,0.0,0.44,0.25,CYT
1017,R272_YEAST,0.39,0.65,0.57,0.19,0.5,0.0,0.43,0.25,CYT
1018,RS28_YEAST,0.38,0.5,0.52,0.44,0.5,0.0,0.54,0.11,CYT
1019,RS28_YEAST,0.38,0.5,0.52,0.44,0.5,0.0,0.54,0.11,CYT
1020,RS3_YEAST,0.51,0.52,0.58,0.17,0.5,0.0,0.47,0.28,CYT
1021,RS31_YEAST,0.57,0.48,0.54,0.22,0.5,0.0,0.5,0.11,CYT
1022,RS33_YEAST,0.5,0.5,0.62,0.23,0.5,0.0,0.35,0.11,CYT
1023,RS37_YEAST,0.41,0.49,0.65,0.28,0.5,0.0,0.59,0.57,CYT
1024,RS4E_YEAST,0.53,0.57,0.6,0.36,0.5,0.0,0.5,0.22,CYT
1025,RS4E_YEAST,0.53,0.57,0.6,0.36,0.5,0.0,0.5,0.22,CYT
1026,RS8_YEAST,0.37,0.3,0.62,0.43,0.5,0.0,0.44,0.39,CYT
1027,RS8_YEAST,0.37,0.3,0.62,0.43,0.5,0.0,0.44,0.39,CYT
1028,RRN6_YEAST,0.6,0.57,0.52,0.14,0.5,0.0,0.46,0.48,NUC
1029,RRN7_YEAST,0.42,0.38,0.52,0.29,0.5,0.0,0.42,0.22,NUC
1030,RTG1_YEAST,0.41,0.46,0.58,0.08,0.5,0.0,0.51,0.28,NUC
1031,R161_YEAST,0.49,0.4,0.58,0.23,0.5,0.0,0.47,0.27,CYT
1032,R167_YEAST,0.37,0.37,0.51,0.38,0.5,0.0,0.44,0.22,CYT
1033,RSD1_YEAST,0.57,0.5,0.4,0.08,0.5,0.0,0.47,0.22,ME3
1034,FIMB_YEAST,0.51,0.4,0.5,0.28,0.5,0.0,0.48,0.27,CYT
1035,SAC7_YEAST,0.34,0.25,0.55,0.28,0.5,0.0,0.51,0.49,CYT
1036,SAG1_YEAST,0.77,0.86,0.44,0.27,0.5,0.0,0.48,0.22,ME1
1037,SAR1_YEAST,0.59,0.54,0.53,0.14,0.5,0.0,0.48,0.22,CYT
1038,SC25_YEAST,0.5,0.48,0.48,0.23,0.5,0.0,0.53,0.68,CYT
1039,SCJ1_YEAST,0.39,1.0,0.38,0.41,0.5,0.0,0.5,0.27,MIT
1040,PRCI_YEAST,0.56,0.42,0.52,0.14,0.5,0.0,0.51,0.22,CYT
1041,TAT2_YEAST,0.39,0.46,0.33,0.18,0.5,0.0,0.53,0.22,ME3
1042,SCO1_YEAST,0.52,0.54,0.47,0.49,0.5,0.0,0.54,0.22,MIT
1043,S160_YEAST,0.46,0.49,0.55,0.18,0.5,0.0,0.56,0.22,NUC
1044,DHSA_YEAST,0.56,0.65,0.49,0.56,0.5,0.0,0.49,0.22,MIT
1045,DHSB_YEAST,0.53,0.51,0.55,0.57,0.5,0.0,0.46,0.22,MIT
1046,SDH3_YEAST,0.54,0.64,0.4,0.56,0.5,0.0,0.51,0.22,MIT
1047,SDH4_YEAST,0.47,0.58,0.47,0.52,0.5,0.0,0.54,0.22,MIT
1048,SDHL_YEAST,0.46,0.42,0.51,0.16,0.5,0.0,0.56,0.22,CYT
1049,SEC1_YEAST,0.6,0.51,0.49,0.18,0.5,0.0,0.53,0.38,CYT
1050,SC11_YEAST,0.85,0.66,0.49,0.18,0.5,0.0,0.51,0.22,ME1
1051,SC12_YEAST,0.55,0.52,0.44,0.2,0.5,0.0,0.56,0.22,ME2
1052,SC13_YEAST,0.49,0.38,0.56,0.09,0.5,0.0,0.46,0.22,CYT
1053,SC14_YEAST,0.38,0.4,0.53,0.12,0.5,0.0,0.55,0.22,CYT
1054,SC15_YEAST,0.55,0.55,0.52,0.13,0.5,0.0,0.53,0.25,CYT
1055,SC17_YEAST,0.46,0.44,0.58,0.17,0.5,0.0,0.55,0.22,CYT
1056,SC18_YEAST,0.34,0.46,0.52,0.19,0.5,0.0,0.53,0.26,CYT
1057,SEC2_YEAST,0.58,0.56,0.46,0.14,0.5,0.0,0.51,0.22,CYT
1058,SC20_YEAST,0.46,0.47,0.44,0.18,1.0,0.0,0.46,0.22,ME2
1059,SC21_YEAST,0.44,0.71,0.5,0.21,0.5,0.0,0.54,0.27,CYT
1060,SC22_YEAST,0.56,0.49,0.32,0.22,0.5,0.0,0.5,0.22,ME2
1061,SC23_YEAST,0.41,0.49,0.47,0.09,0.5,0.0,0.49,0.22,CYT
1062,SEC4_YEAST,0.44,0.51,0.53,0.3,0.5,0.0,0.53,0.22,CYT
1063,PMM_YEAST,0.54,0.51,0.56,0.15,0.5,0.0,0.54,0.31,CYT
1064,SC59_YEAST,0.51,0.51,0.32,0.27,0.5,0.0,0.54,0.22,ME3
1065,SEC6_YEAST,0.46,0.38,0.51,0.2,0.5,0.0,0.51,0.22,CYT
1066,S61A_YEAST,0.55,0.72,0.35,0.26,0.5,0.0,0.49,0.22,ME3
1067,SC62_YEAST,0.54,0.44,0.35,0.19,0.5,0.0,0.51,0.27,ME3
1068,NPL1_YEAST,0.65,0.66,0.37,0.12,0.5,0.0,0.52,0.27,ME3
1069,SC65_YEAST,0.41,0.4,0.56,0.17,0.5,0.0,0.56,0.22,CYT
1070,SC66_YEAST,0.39,0.71,0.38,0.14,0.5,0.0,0.5,0.22,ME2
1071,SEC7_YEAST,0.37,0.42,0.46,0.15,0.5,0.0,0.51,0.31,ME2
1072,SC72_YEAST,0.59,0.55,0.57,0.18,0.5,0.0,0.51,0.22,CYT
1073,SEC8_YEAST,0.48,0.51,0.5,0.24,0.5,0.0,0.54,0.38,CYT
1074,SEC9_YEAST,0.39,0.3,0.63,0.2,0.5,0.0,0.43,0.47,CYT
1075,TRAM_YEAST,0.47,0.52,0.54,0.25,0.5,0.0,0.54,0.29,MIT
1076,SED1_YEAST,0.77,0.82,0.4,0.36,0.5,0.0,0.38,0.22,ME1
1077,SED4_YEAST,0.52,0.55,0.39,0.09,1.0,0.0,0.55,0.25,ME3
1078,SED5_YEAST,0.42,0.28,0.33,0.23,0.5,0.0,0.39,0.26,ME3
1079,SEN1_YEAST,0.47,0.37,0.46,0.28,0.5,0.0,0.52,0.99,NUC
1080,SEN2_YEAST,0.48,0.5,0.47,0.29,0.5,0.0,0.46,0.27,NUC
1081,SYSC_YEAST,0.3,0.33,0.55,0.12,0.5,0.0,0.53,0.38,CYT
1082,SFL1_YEAST,0.49,0.49,0.52,0.18,0.5,0.0,0.51,0.25,NUC
1083,SFP1_YEAST,0.54,0.59,0.57,0.34,0.5,0.0,0.49,0.22,NUC
1084,AMYG_YEAST,0.7,0.78,0.53,0.24,0.5,0.0,0.48,0.22,VAC
1085,SGE1_YEAST,0.85,0.69,0.34,0.31,0.5,0.0,0.57,0.3,ME1
1086,SHM1_YEAST,0.56,0.59,0.45,0.15,0.5,0.0,0.54,0.22,MIT
1087,GLYM_YEAST,0.47,0.56,0.53,0.44,0.5,0.0,0.53,0.22,MIT
1088,GLYC_YEAST,0.53,0.49,0.47,0.21,0.5,0.0,0.53,0.22,CYT
1089,SHR3_YEAST,0.7,0.57,0.34,0.19,0.5,0.0,0.53,0.27,ME2
1090,SIC1_YEAST,0.42,0.43,0.67,0.7,0.5,0.0,0.42,0.25,CYT
1091,NOT4_YEAST,0.47,0.44,0.53,0.18,0.5,0.0,0.47,0.29,NUC
1092,SIN3_YEAST,0.4,0.49,0.53,0.23,0.5,0.0,0.44,0.26,NUC
1093,SIN4_YEAST,0.45,0.65,0.51,0.17,0.5,0.0,0.49,0.22,NUC
1094,SIP2_YEAST,0.42,0.42,0.55,0.31,0.5,0.0,0.43,0.22,NUC
1095,SIR1_YEAST,0.45,0.41,0.53,0.49,0.5,0.0,0.49,0.31,NUC
1096,SIR2_YEAST,0.42,0.28,0.49,0.22,0.5,0.0,0.55,0.34,NUC
1097,SIR3_YEAST,0.47,0.5,0.47,0.22,0.5,0.0,0.53,0.45,NUC
1098,SIR4_YEAST,0.33,0.42,0.55,0.23,0.5,0.0,0.52,0.43,NUC
1099,SIS1_YEAST,0.56,0.55,0.57,0.15,0.5,0.0,0.54,0.25,CYT
1100,SIS2_YEAST,0.37,0.47,0.49,0.12,0.5,0.0,0.47,0.31,NUC
1101,SKI3_YEAST,0.32,0.6,0.48,0.13,0.5,0.0,0.53,0.22,NUC
1102,SKN1_YEAST,0.38,0.42,0.31,0.35,0.5,0.0,0.52,0.22,ME3
1103,SKN7_YEAST,0.46,0.56,0.56,0.25,0.5,0.0,0.43,0.22,NUC
1104,SKO1_YEAST,0.47,0.55,0.57,0.17,0.5,0.0,0.52,0.66,NUC
1105,SLA1_YEAST,0.37,0.55,0.52,0.13,0.5,0.0,0.42,0.8,CYT
1106,SLA2_YEAST,0.46,0.48,0.38,0.22,0.5,0.0,0.39,0.45,ME3
1107,PLSC_YEAST,0.8,0.69,0.53,0.33,0.5,0.0,0.51,0.22,ME2
1108,SLN1_YEAST,0.52,0.65,0.36,0.37,0.5,0.0,0.52,0.34,ME3
1109,SLU7_YEAST,0.19,0.16,0.68,0.36,0.5,0.0,0.49,0.21,NUC
1110,SLY1_YEAST,0.64,0.31,0.53,0.15,0.5,0.0,0.53,0.31,CYT
1111,SLY4_YEAST,0.4,0.43,0.36,0.33,0.5,0.0,0.51,0.22,ME3
1112,SMC1_YEAST,0.47,0.56,0.51,0.2,0.5,0.0,0.52,0.59,NUC
1113,SMC2_YEAST,0.4,0.75,0.44,0.12,0.5,0.0,0.49,0.22,NUC
1114,SMD1_YEAST,0.48,0.55,0.58,0.18,0.5,0.0,0.38,0.69,NUC
1115,SMF1_YEAST,0.57,0.51,0.34,0.13,0.5,0.0,0.53,0.27,MIT
1116,SMF2_YEAST,0.23,0.37,0.32,0.13,0.5,0.0,0.53,0.22,MIT
1117,SMY1_YEAST,0.54,0.5,0.51,0.26,0.5,0.0,0.52,0.22,CYT
1118,SMY2_YEAST,0.6,0.64,0.56,0.36,0.5,0.0,0.46,0.27,CYT
1119,SNC1_YEAST,0.27,0.41,0.24,0.2,0.5,0.0,0.49,0.22,ME3
1120,SNC2_YEAST,0.25,0.35,0.22,0.18,0.5,0.0,0.46,0.22,ME3
1121,SNF1_YEAST,0.39,0.45,0.51,0.29,0.5,0.0,0.54,0.22,CYT
1122,SNF2_YEAST,0.33,0.47,0.55,0.24,0.5,0.0,0.45,0.67,NUC
1123,SNF3_YEAST,0.37,0.4,0.38,0.18,0.5,0.0,0.51,0.22,ME3
1124,SNF4_YEAST,0.43,0.47,0.47,0.18,0.5,0.0,0.47,0.22,CYT
1125,SNF5_YEAST,0.66,0.43,0.57,0.6,0.5,0.0,0.19,0.33,NUC
1126,SNF6_YEAST,0.55,0.4,0.62,0.22,0.5,0.0,0.37,0.28,NUC
1127,RU17_YEAST,0.33,0.46,0.6,0.18,0.5,0.0,0.51,0.26,NUC
1128,SNP2_YEAST,0.51,0.5,0.54,0.11,0.5,0.0,0.6,0.22,NUC
1129,YBC6_YEAST,0.54,0.6,0.57,0.17,0.5,0.0,0.44,0.22,NUC
1130,SNQ2_YEAST,0.45,0.57,0.38,0.28,0.5,0.0,0.53,0.31,ME3
1131,SODC_YEAST,0.55,0.57,0.51,0.07,0.5,0.0,0.55,0.22,CYT
1132,SODM_YEAST,0.54,0.47,0.58,0.4,0.5,0.0,0.46,0.27,MIT
1133,SOF1_YEAST,0.36,0.32,0.55,0.27,0.5,0.0,0.47,0.43,NUC
1134,SOK1_YEAST,0.46,0.41,0.45,0.23,0.5,0.0,0.48,0.22,NUC
1135,SON1_YEAST,0.4,0.39,0.6,0.23,0.5,0.0,0.52,0.31,NUC
1136,RL35_YEAST,0.52,0.47,0.58,0.18,0.5,0.0,0.34,0.11,CYT
1137,RL35_YEAST,0.52,0.47,0.58,0.18,0.5,0.0,0.34,0.11,CYT
1138,SPA2_YEAST,0.5,0.45,0.51,0.19,0.5,0.0,0.53,0.25,CYT
1139,SPB4_YEAST,0.57,0.55,0.51,0.18,0.5,0.0,0.51,0.43,NUC
1140,SPK1_YEAST,0.44,0.43,0.46,0.28,0.5,0.0,0.45,0.29,NUC
1141,SP11_YEAST,0.46,0.5,0.5,0.28,0.5,0.0,0.5,0.37,NUC
1142,SPR1_YEAST,0.66,0.65,0.54,0.4,0.5,0.0,0.51,0.22,EXC
1143,SS10_YEAST,0.77,0.73,0.49,0.46,0.5,0.0,0.38,0.22,EXC
1144,SX18_YEAST,0.38,0.58,0.46,0.21,0.5,0.0,0.52,0.22,NUC
1145,SX19_YEAST,0.32,0.68,0.51,0.16,0.5,0.83,0.55,0.22,POX
1146,SP10_YEAST,0.27,0.46,0.52,0.17,0.5,0.0,0.49,0.44,NUC
1147,SP14_YEAST,0.52,0.45,0.45,0.13,0.5,0.0,0.48,0.22,NUC
1148,TF2D_YEAST,0.37,0.29,0.45,0.15,0.5,0.0,0.49,0.22,NUC
1149,SPT2_YEAST,0.37,0.48,0.67,0.37,0.5,0.0,0.56,0.62,NUC
1150,SP21_YEAST,0.44,0.59,0.54,0.18,0.5,0.0,0.49,0.22,NUC
1151,SP23_YEAST,0.48,0.65,0.36,0.24,0.5,0.0,0.54,0.31,NUC
1152,SPT3_YEAST,0.59,0.49,0.45,0.22,0.5,0.0,0.45,0.31,NUC
1153,SPT4_YEAST,0.73,0.52,0.59,0.25,0.5,0.0,0.51,0.22,NUC
1154,SPT5_YEAST,0.5,0.43,0.5,0.17,0.5,0.0,0.46,0.47,NUC
1155,SPT6_YEAST,0.23,0.13,0.51,0.16,0.5,0.0,0.53,0.51,NUC
1156,SPT7_YEAST,0.49,0.6,0.54,0.35,0.5,0.0,0.53,0.46,NUC
1157,SPT8_YEAST,0.52,0.31,0.56,0.16,0.5,0.0,0.55,0.22,NUC
1158,SRB2_YEAST,0.49,0.48,0.51,0.21,0.5,0.0,0.53,0.22,NUC
1159,SRB4_YEAST,0.49,0.6,0.42,0.18,0.5,0.0,0.58,0.28,NUC
1160,SRB5_YEAST,0.6,0.62,0.54,0.11,0.5,0.0,0.51,0.22,NUC
1161,SRB6_YEAST,0.55,0.47,0.53,0.2,0.5,0.0,0.4,0.22,NUC
1162,SCA1_YEAST,0.47,0.32,0.51,0.24,0.5,0.0,0.54,0.27,NUC
1163,SRD1_YEAST,0.53,0.25,0.59,0.27,0.5,0.0,0.45,0.26,NUC
1164,RCC_YEAST,0.31,0.5,0.54,0.32,0.5,0.0,0.53,0.31,NUC
1165,SRPI_YEAST,0.25,0.33,0.48,0.18,0.5,0.0,0.42,0.33,NUC
1166,SRPR_YEAST,0.55,0.46,0.47,0.15,0.5,0.0,0.47,0.22,ME3
1167,SR14_YEAST,0.61,0.5,0.61,0.21,0.5,0.0,0.55,0.54,CYT
1168,SR54_YEAST,0.5,0.52,0.51,0.22,0.5,0.0,0.46,0.37,CYT
1169,SR68_YEAST,0.62,0.33,0.49,0.24,0.5,0.0,0.51,0.42,CYT
1170,SR72_YEAST,0.56,0.52,0.46,0.17,0.5,0.0,0.49,0.73,CYT
1171,CAP_YEAST,0.52,0.56,0.55,0.16,0.5,0.0,0.53,0.39,CYT
1172,HS71_YEAST,0.53,0.48,0.51,0.18,0.5,0.0,0.52,0.27,CYT
1173,HS72_YEAST,0.51,0.48,0.51,0.19,0.5,0.0,0.51,0.27,CYT
1174,HS73_YEAST,0.51,0.48,0.51,0.26,0.5,0.0,0.51,0.27,CYT
1175,HS74_YEAST,0.53,0.48,0.51,0.18,0.5,0.0,0.51,0.27,CYT
1176,HS75_YEAST,0.6,0.46,0.51,0.1,0.5,0.0,0.48,0.31,CYT
1177,HS76_YEAST,0.6,0.46,0.51,0.1,0.5,0.0,0.48,0.31,CYT
1178,SSB1_YEAST,0.44,0.39,0.63,0.11,0.5,0.0,0.49,0.26,NUC
1179,HS77_YEAST,0.51,0.5,0.49,0.45,0.5,0.0,0.48,0.22,MIT
1180,SSD1_YEAST,0.45,0.45,0.51,0.3,0.5,0.0,0.48,0.44,CYT
1181,RA25_YEAST,0.38,0.42,0.47,0.12,0.5,0.0,0.47,0.53,NUC
1182,SSN6_YEAST,0.19,0.66,0.6,0.14,0.5,0.0,0.2,0.25,NUC
1183,SSO1_YEAST,0.41,0.42,0.23,0.16,0.5,0.0,0.4,0.22,ME3
1184,SSO2_YEAST,0.25,0.42,0.21,0.14,0.5,0.0,0.41,0.22,ME3
1185,S120_YEAST,0.7,0.58,0.53,0.39,0.5,0.0,0.59,0.22,EXC
1186,S61G_YEAST,0.49,0.31,0.43,0.24,0.5,0.0,0.54,0.22,ME3
1187,SST2_YEAST,0.46,0.41,0.43,0.18,0.5,0.0,0.54,0.22,ME3
1188,AMYH_YEAST,0.83,0.81,0.45,0.38,0.5,0.0,0.4,0.26,EXC
1189,ST12_YEAST,0.38,0.51,0.56,0.21,0.5,0.0,0.48,0.31,NUC
1190,DAP1_YEAST,0.32,0.36,0.28,0.38,0.5,0.0,0.5,0.4,ME3
1191,ST14_YEAST,0.4,0.65,0.38,0.17,0.5,0.0,0.57,0.22,ME3
1192,GBG_YEAST,0.36,0.37,0.63,0.25,0.5,0.0,0.3,0.22,CYT
1193,STE2_YEAST,0.49,0.55,0.41,0.19,0.5,0.0,0.48,0.31,ME3
1194,ST20_YEAST,0.3,0.45,0.55,0.19,0.5,0.0,0.53,0.4,CYT
1195,STE3_YEAST,0.88,0.72,0.32,0.3,0.5,0.0,0.52,0.33,ME1
1196,GBB_YEAST,0.44,0.4,0.53,0.19,0.5,0.0,0.48,0.27,CYT
1197,STE5_YEAST,0.45,0.57,0.52,0.21,0.5,0.0,0.54,0.38,NUC
1198,STE6_YEAST,0.46,0.61,0.38,0.35,0.5,0.0,0.49,0.22,ME3
1199,STF1_YEAST,0.55,0.41,0.67,0.61,0.5,0.0,0.49,0.14,MIT
1200,STF2_YEAST,0.28,0.18,0.72,0.26,0.5,0.0,0.49,0.25,MIT
1201,STH1_YEAST,0.66,0.65,0.53,0.17,0.5,0.0,0.47,0.66,NUC
1202,STL1_YEAST,0.36,0.5,0.39,0.23,0.5,0.0,0.5,0.22,ME3
1203,STP1_YEAST,0.48,0.54,0.56,0.29,0.5,0.0,0.51,0.43,NUC
1204,STU1_YEAST,0.33,0.37,0.49,0.22,0.5,0.0,0.55,0.22,CYT
1205,STV1_YEAST,0.58,0.43,0.32,0.11,0.5,0.0,0.49,0.22,VAC
1206,TF2B_YEAST,0.58,0.64,0.42,0.3,0.5,0.0,0.54,0.22,NUC
1207,INV1_YEAST,0.74,0.82,0.46,0.24,0.5,0.0,0.5,0.31,EXC
1208,INV2_YEAST,0.74,0.82,0.46,0.24,0.5,0.0,0.48,0.22,EXC
1209,INV4_YEAST,0.75,0.76,0.58,0.22,0.5,0.0,0.49,0.22,EXC
1210,SUG1_YEAST,0.58,0.37,0.58,0.16,0.5,0.0,0.51,0.22,NUC
1211,SUI1_YEAST,0.39,0.39,0.65,0.16,0.5,0.0,0.45,0.22,CYT
1212,IF2A_YEAST,0.51,0.59,0.55,0.21,0.5,0.0,0.52,0.22,CYT
1213,IF2B_YEAST,0.41,0.35,0.6,0.22,0.5,0.0,0.56,0.79,CYT
1214,SUL1_YEAST,0.43,0.28,0.41,0.32,0.5,0.0,0.52,0.22,ME3
1215,SUP1_YEAST,0.41,0.49,0.55,0.13,0.5,0.0,0.55,0.22,CYT
1216,SUP2_YEAST,0.23,0.29,0.46,0.0,0.5,0.0,0.43,0.31,CYT
1217,RS4_YEAST,0.25,0.48,0.45,0.32,0.5,0.0,0.4,0.22,CYT
1218,RS11_YEAST,0.38,0.34,0.55,0.44,0.5,0.0,0.48,0.26,CYT
1219,SUV3_YEAST,0.61,0.54,0.54,0.38,0.5,0.0,0.54,0.29,MIT
1220,ADR6_YEAST,0.48,0.17,0.37,0.33,0.5,0.0,0.44,0.36,NUC
1221,SWI3_YEAST,0.47,0.47,0.5,0.19,0.5,0.0,0.51,0.26,NUC
1222,SWI4_YEAST,0.55,0.38,0.52,0.16,0.5,0.0,0.49,0.64,NUC
1223,SWI5_YEAST,0.41,0.39,0.61,0.17,0.5,0.0,0.5,0.61,NUC
1224,SWI6_YEAST,0.41,0.56,0.53,0.16,0.5,0.0,0.55,0.26,NUC
1225,OSTD_YEAST,0.78,0.73,0.27,0.28,0.5,0.0,0.56,0.22,ME1
1226,SYG1_YEAST,0.31,0.51,0.38,0.18,0.5,0.0,0.46,0.31,ME3
1227,TAL1_YEAST,0.63,0.64,0.49,0.2,0.5,0.0,0.52,0.25,CYT
1228,VAL1_YEAST,0.31,0.4,0.31,0.17,0.5,0.0,0.52,0.22,ME3
1229,TBF1_YEAST,0.44,0.65,0.49,0.16,0.5,0.0,0.48,0.31,NUC
1230,RL3_YEAST,0.48,0.44,0.46,0.37,0.5,0.0,0.46,0.36,CYT
1231,TCPA_YEAST,0.5,0.49,0.46,0.22,0.5,0.0,0.53,0.25,CYT
1232,TCPE_YEAST,0.62,0.42,0.47,0.16,0.5,0.0,0.52,0.22,CYT
1233,TCPB_YEAST,0.5,0.45,0.52,0.18,0.5,0.0,0.52,0.22,CYT
1234,TCPG_YEAST,0.59,0.51,0.47,0.21,0.5,0.0,0.47,0.22,CYT
1235,TCPD_YEAST,0.39,0.47,0.49,0.2,0.5,0.0,0.53,0.26,CYT
1236,TCPZ_YEAST,0.49,0.48,0.52,0.24,0.5,0.0,0.5,0.22,CYT
1237,G3P1_YEAST,0.59,0.48,0.49,0.42,0.5,0.0,0.52,0.22,CYT
1238,G3P2_YEAST,0.57,0.35,0.5,0.43,0.5,0.0,0.53,0.22,CYT
1239,G3P3_YEAST,0.61,0.52,0.5,0.44,0.5,0.0,0.53,0.22,CYT
1240,TF3B_YEAST,0.49,0.51,0.52,0.13,0.5,0.0,0.51,0.33,NUC
1241,TEC1_YEAST,0.45,0.4,0.56,0.15,0.5,0.0,0.52,0.22,NUC
1242,EF1A_YEAST,0.63,0.43,0.48,0.11,0.5,0.0,0.51,0.22,CYT
1243,EF1A_YEAST,0.63,0.43,0.48,0.11,0.5,0.0,0.51,0.22,CYT
1244,EF1G_YEAST,0.52,0.45,0.53,0.34,0.5,0.0,0.52,0.44,CYT
1245,EF1H_YEAST,0.54,0.48,0.55,0.33,0.5,0.0,0.55,0.4,CYT
1246,T2EA_YEAST,0.55,0.79,0.45,0.25,0.5,0.0,0.51,0.22,NUC
1247,YK42_YEAST,0.58,0.51,0.63,0.2,0.5,0.0,0.5,0.42,NUC
1248,TFB1_YEAST,0.63,0.58,0.57,0.1,0.5,0.0,0.52,0.33,NUC
1249,TFC1_YEAST,0.54,0.67,0.56,0.15,0.5,0.0,0.57,0.33,NUC
1250,TF3A_YEAST,0.41,0.59,0.65,0.14,0.5,0.0,0.49,0.33,NUC
1251,TFC3_YEAST,0.47,0.38,0.5,0.15,0.5,0.0,0.49,0.47,NUC
1252,TFC4_YEAST,0.33,0.17,0.52,0.13,0.5,0.0,0.51,0.75,NUC
1253,DKA1_YEAST,0.42,0.5,0.59,0.17,0.5,0.0,0.51,0.22,CYT
1254,THRC_YEAST,0.54,0.55,0.55,0.4,0.5,0.0,0.53,0.22,CYT
1255,SYTC_YEAST,0.31,0.31,0.57,0.15,0.5,0.0,0.5,0.22,CYT
1256,IF4A_YEAST,0.38,0.42,0.5,0.19,0.5,0.0,0.44,0.22,CYT
1257,IF1A_YEAST,0.33,0.36,0.62,0.26,0.5,0.0,0.55,0.22,CYT
1258,IF4A_YEAST,0.38,0.42,0.5,0.19,0.5,0.0,0.44,0.22,CYT
1259,TIF3_YEAST,0.47,0.56,0.58,0.19,0.5,0.0,0.44,0.64,CYT
1260,IF41_YEAST,0.32,0.32,0.52,0.18,0.5,0.0,0.48,0.34,CYT
1261,IF42_YEAST,0.28,0.27,0.5,0.14,0.5,0.0,0.5,0.28,CYT
1262,IF5_YEAST,0.41,0.46,0.57,0.25,0.5,0.0,0.57,0.38,CYT
1263,IF52_YEAST,0.44,0.54,0.51,0.16,0.5,0.0,0.58,0.22,CYT
1264,IF51_YEAST,0.44,0.55,0.51,0.16,0.5,0.0,0.6,0.22,CYT
1265,TIP1_YEAST,0.77,0.7,0.44,0.29,0.5,0.0,0.56,0.22,ME1
1266,TP20_YEAST,0.4,0.56,0.53,0.15,0.5,0.0,0.49,0.22,CYT
1267,SRP1_YEAST,0.79,0.79,0.42,0.26,0.5,0.0,0.6,0.22,ME1
1268,SRP2_YEAST,0.8,0.83,0.43,0.24,0.5,0.0,0.54,0.22,ME1
1269,TKT1_YEAST,0.58,0.55,0.51,0.13,0.5,0.0,0.52,0.22,CYT
1270,TKT2_YEAST,0.55,0.69,0.51,0.12,0.5,0.0,0.51,0.22,CYT
1271,TYSY_YEAST,0.47,0.46,0.53,0.12,0.5,0.0,0.51,0.25,NUC
1272,TOA1_YEAST,0.57,0.29,0.63,0.22,0.5,0.0,0.49,0.27,NUC
1273,TOA2_YEAST,0.52,0.49,0.59,0.21,0.5,0.0,0.47,0.22,NUC
1274,TOP1_YEAST,0.41,0.42,0.53,0.17,0.5,0.0,0.48,0.58,NUC
1275,TOP2_YEAST,0.45,0.36,0.5,0.19,0.5,0.0,0.53,0.7,NUC
1276,TOP3_YEAST,0.53,0.51,0.54,0.21,0.5,0.0,0.45,0.22,NUC
1277,TOR2_YEAST,0.49,0.5,0.42,0.43,0.5,0.0,0.5,0.36,VAC
1278,TPIS_YEAST,0.44,0.49,0.49,0.27,0.5,0.0,0.52,0.22,CYT
1279,KAPA_YEAST,0.25,0.26,0.53,0.17,0.5,0.0,0.45,0.22,CYT
1280,KAPB_YEAST,0.49,0.46,0.54,0.18,0.5,0.0,0.35,0.22,CYT
1281,KAPC_YEAST,0.42,0.37,0.54,0.17,0.5,0.0,0.51,0.22,CYT
1282,TPM1_YEAST,0.42,0.45,0.75,0.21,0.5,0.0,0.48,0.22,CYT
1283,TPM2_YEAST,0.39,0.45,0.75,0.17,0.5,0.0,0.51,0.22,CYT
1284,TPS1_YEAST,0.63,0.54,0.53,0.27,0.5,0.0,0.49,0.22,CYT
1285,TPS2_YEAST,0.54,0.43,0.48,0.27,0.5,0.0,0.44,0.41,CYT
1286,TPS3_YEAST,0.4,0.44,0.5,0.13,0.5,0.0,0.52,0.39,CYT
1287,TRK1_YEAST,0.55,0.39,0.39,0.47,0.5,0.0,0.5,0.83,ME3
1288,TRK2_YEAST,0.59,0.48,0.41,0.53,0.5,0.0,0.48,0.56,ME3
1289,TRNL_YEAST,0.49,0.38,0.49,0.15,0.5,0.0,0.53,0.25,NUC
1290,TRM1_YEAST,0.53,0.45,0.52,0.29,0.5,0.0,0.55,0.38,MIT
1291,TRPF_YEAST,0.62,0.6,0.54,0.22,0.5,0.0,0.54,0.27,CYT
1292,TRPE_YEAST,0.33,0.46,0.53,0.12,0.5,0.0,0.5,0.27,CYT
1293,TRPG_YEAST,0.57,0.36,0.51,0.25,0.5,0.0,0.54,0.25,CYT
1294,TRPD_YEAST,0.45,0.76,0.51,0.25,0.5,0.0,0.59,0.22,CYT
1295,TRP_YEAST,0.48,0.44,0.51,0.24,0.5,0.0,0.49,0.22,CYT
1296,TSA_YEAST,0.59,0.64,0.44,0.26,0.5,0.0,0.5,0.22,CYT
1297,TSL1_YEAST,0.79,0.56,0.53,0.19,0.5,0.0,0.47,0.35,CYT
1298,TSM1_YEAST,0.5,0.5,0.48,0.34,0.5,0.0,0.52,0.27,NUC
1299,TTP1_YEAST,0.79,0.62,0.35,0.35,0.5,0.0,0.6,0.28,ME2
1300,GLRX_YEAST,0.52,0.5,0.6,0.2,0.5,0.0,0.52,0.22,CYT
1301,TBA1_YEAST,0.59,0.46,0.57,0.17,0.5,0.0,0.52,0.22,CYT
1302,TBB_YEAST,0.53,0.42,0.53,0.19,0.5,0.0,0.47,0.22,CYT
1303,TBA3_YEAST,0.59,0.46,0.55,0.17,0.5,0.0,0.52,0.25,CYT
1304,EFTU_YEAST,0.61,0.73,0.5,0.58,0.5,0.0,0.5,0.22,MIT
1305,TUP1_YEAST,0.5,0.43,0.56,0.17,0.5,0.0,0.35,0.22,NUC
1306,TYE7_YEAST,0.36,0.52,0.61,0.33,0.5,0.0,0.52,0.37,NUC
1307,TYR1_YEAST,0.66,0.54,0.53,0.17,0.5,0.0,0.54,0.22,CYT
1308,UBA1_YEAST,0.52,0.51,0.48,0.12,0.5,0.0,0.54,0.31,CYT
1309,UBC1_YEAST,0.56,0.46,0.51,0.25,0.5,0.0,0.54,0.22,CYT
1310,UBC4_YEAST,0.47,0.46,0.49,0.27,0.5,0.0,0.59,0.22,CYT
1311,UBC5_YEAST,0.5,0.46,0.49,0.27,0.5,0.0,0.6,0.22,CYT
1312,UBC6_YEAST,0.43,0.48,0.36,0.26,0.5,0.0,0.52,0.22,ME3
1313,UBC7_YEAST,0.5,0.44,0.57,0.28,0.5,0.0,0.57,0.22,CYT
1314,UBIQ_YEAST,0.46,0.47,0.62,0.3,0.5,0.0,0.38,0.22,CYT
1315,UBP1_YEAST,0.59,0.7,0.46,0.19,0.5,0.0,0.54,0.44,CYT
1316,UBP2_YEAST,0.19,0.41,0.55,0.13,0.5,0.0,0.52,0.25,CYT
1317,UBP3_YEAST,0.27,0.43,0.5,0.13,0.5,0.0,0.54,0.31,CYT
1318,UBR1_YEAST,0.42,0.46,0.44,0.17,0.5,0.0,0.51,0.42,CYT
1319,UGA3_YEAST,0.49,0.36,0.47,0.28,0.5,0.0,0.56,0.54,NUC
1320,UGA4_YEAST,0.42,0.51,0.33,0.16,0.5,0.0,0.54,0.22,ME3
1321,UME5_YEAST,0.34,0.42,0.48,0.19,0.5,0.0,0.46,0.31,NUC
1322,UME6_YEAST,0.6,0.57,0.63,0.22,0.5,0.0,0.5,0.49,NUC
1323,UNG_YEAST,0.53,0.44,0.54,0.52,0.5,0.0,0.49,0.38,NUC
1324,PYRD_YEAST,0.48,0.39,0.56,0.23,0.5,0.0,0.6,0.22,CYT
1325,PYR1_YEAST,0.56,0.49,0.47,0.13,0.5,0.0,0.52,0.22,NUC
1326,UMPK_YEAST,0.47,0.59,0.56,0.09,0.5,0.0,0.5,0.22,CYT
1327,RL21_YEAST,0.4,0.28,0.58,0.44,0.5,0.0,0.41,0.22,CYT
1328,RSU2_YEAST,0.54,0.35,0.55,0.19,0.5,0.0,0.3,0.22,CYT
1329,USO1_YEAST,0.5,0.47,0.45,0.14,0.5,0.0,0.53,0.32,ME3
1330,YEU2_YEAST,0.55,0.49,0.6,0.18,0.5,0.0,0.51,0.22,NUC
1331,VAC1_YEAST,0.55,0.44,0.5,0.09,0.5,0.0,0.55,0.22,VAC
1332,RMAR_YEAST,0.66,0.37,0.6,0.25,0.5,0.0,0.69,0.22,MIT
1333,SYV_YEAST,0.51,0.49,0.48,0.55,0.5,0.0,0.52,0.58,CYT
1334,VATA_YEAST,0.36,0.51,0.51,0.17,0.5,0.0,0.52,0.22,VAC
1335,VM11_YEAST,0.68,0.68,0.35,0.16,0.5,0.0,0.62,0.22,VAC
1336,VATB_YEAST,0.44,0.35,0.55,0.14,0.5,0.0,0.52,0.22,VAC
1337,VATL_YEAST,0.73,0.59,0.35,0.15,0.5,0.0,0.54,0.22,VAC
1338,VATE_YEAST,0.6,0.37,0.52,0.15,0.5,0.0,0.55,0.26,VAC
1339,VATC_YEAST,0.64,0.61,0.56,0.15,0.5,0.0,0.54,0.22,VAC
1340,VATX_YEAST,0.48,0.58,0.58,0.12,0.5,0.0,0.49,0.22,VAC
1341,VATF_YEAST,0.65,0.58,0.53,0.21,0.5,0.0,0.51,0.22,VAC
1342,VATD_YEAST,0.48,0.49,0.49,0.26,0.5,0.0,0.39,0.27,VAC
1343,VPH1_YEAST,0.57,0.54,0.32,0.15,0.5,0.0,0.52,0.25,VAC
1344,VM12_YEAST,0.4,0.36,0.32,0.16,0.5,0.0,0.51,0.27,VAC
1345,VPS1_YEAST,0.5,0.55,0.52,0.16,0.5,0.0,0.51,0.31,CYT
1346,VP15_YEAST,0.65,0.63,0.47,0.22,0.5,0.0,0.52,0.27,CYT
1347,VP16_YEAST,0.41,0.48,0.51,0.2,0.5,0.0,0.51,0.22,CYT
1348,VP17_YEAST,0.25,0.4,0.54,0.16,0.5,0.0,0.43,0.22,CYT
1349,YP51_YEAST,0.63,0.56,0.52,0.21,0.5,0.0,0.5,0.22,CYT
1350,SLP1_YEAST,0.56,0.68,0.42,0.36,0.5,0.0,0.49,0.22,CYT
1351,VP34_YEAST,0.57,0.47,0.48,0.17,0.5,0.0,0.52,0.26,VAC
1352,VP45_YEAST,0.46,0.52,0.51,0.13,0.5,0.0,0.47,0.22,CYT
1353,VRP1_YEAST,0.5,0.4,0.57,0.17,0.5,0.0,0.59,0.22,CYT
1354,OSTB_YEAST,0.78,0.71,0.35,0.25,0.5,0.0,0.49,0.22,ME1
1355,XRS2_YEAST,0.64,0.56,0.52,0.17,0.5,0.0,0.54,0.47,NUC
1356,YAA7_YEAST,1.0,0.8,0.29,0.36,0.5,0.0,0.52,0.22,ME1
1357,YAB1_YEAST,0.51,0.39,0.56,0.55,0.5,0.0,0.46,0.64,MIT
1358,YAB8_YEAST,0.69,0.66,0.36,0.09,0.5,0.0,0.56,0.22,ME1
1359,YAB9_YEAST,0.4,0.45,0.45,0.15,0.5,0.0,0.53,0.48,NUC
1360,YAC2_YEAST,0.49,0.53,0.36,0.15,0.5,0.0,0.52,0.27,ME3
1361,YAE2_YEAST,0.39,0.63,0.41,0.27,0.5,0.0,0.49,0.22,ME3
1362,YAF1_YEAST,0.45,0.51,0.43,0.22,0.5,0.0,0.57,0.22,NUC
1363,YAF3_YEAST,0.77,0.78,0.27,0.37,0.5,0.0,0.49,0.22,ME1
1364,YAG3_YEAST,0.88,0.75,0.41,0.36,0.5,0.0,0.43,0.22,ME2
1365,YAG7_YEAST,0.49,0.49,0.4,0.2,0.5,0.0,0.48,0.26,ME3
1366,PDR4_YEAST,0.57,0.53,0.6,0.28,0.5,0.0,0.52,0.45,NUC
1367,AP17_YEAST,0.53,0.52,0.49,0.27,0.5,0.0,0.51,0.22,CYT
1368,AP19_YEAST,0.5,0.47,0.56,0.31,0.5,0.0,0.56,0.26,CYT
1369,YAP3_YEAST,0.71,0.79,0.41,0.38,0.5,0.0,0.54,0.22,ME1
1370,AP54_YEAST,0.33,0.49,0.46,0.22,0.5,0.0,0.53,0.33,ME3
1371,ADB1_YEAST,0.47,0.41,0.46,0.18,0.5,0.0,0.53,0.22,ME3
1372,CACM_YEAST,0.45,0.39,0.46,0.29,0.5,0.0,0.42,0.22,MIT
1373,FMT_YEAST,0.59,0.56,0.5,0.48,0.5,0.0,0.46,0.22,MIT
1374,YBC4_YEAST,0.32,0.3,0.57,0.38,0.5,0.0,0.5,0.25,NUC
1375,YBE2_YEAST,0.26,0.3,0.37,0.15,0.5,0.0,0.53,0.25,ME3
1376,YBG6_YEAST,0.28,0.41,0.46,0.18,0.5,0.0,0.47,0.39,NUC
1377,YBI8_YEAST,0.45,0.5,0.43,0.16,0.5,0.0,0.52,0.28,ME3
1378,RL3P_YEAST,0.24,0.25,0.57,0.28,0.5,0.0,0.51,0.11,CYT
1379,MRF1_YEAST,0.46,0.61,0.55,0.29,0.5,0.0,0.49,0.22,MIT
1380,YBT6_YEAST,0.54,0.44,0.38,0.22,0.5,0.0,0.54,0.3,ME3
1381,YBY2_YEAST,0.22,0.53,0.36,0.22,0.5,0.0,0.54,0.31,ME3
1382,YB00_YEAST,0.25,0.41,0.47,0.14,0.5,0.0,0.56,0.68,NUC
1383,YB30_YEAST,0.43,0.41,0.37,0.18,0.5,0.0,0.54,0.31,ME3
1384,YB32_YEAST,0.4,0.44,0.47,0.25,0.5,0.0,0.54,0.56,NUC
1385,YB33_YEAST,0.46,0.59,0.38,0.12,0.5,0.0,0.5,0.22,ME3
1386,YB37_YEAST,0.8,0.82,0.4,0.31,0.5,0.0,0.57,0.25,ME1
1387,YB48_YEAST,0.29,0.39,0.46,0.36,0.5,0.0,0.51,0.22,NUC
1388,YB54_YEAST,0.4,0.4,0.43,0.19,0.5,0.83,0.48,0.22,POX
1389,YB72_YEAST,0.57,0.52,0.46,0.2,0.5,0.83,0.52,0.41,POX
1390,YB91_YEAST,0.43,0.6,0.4,0.12,0.5,0.0,0.49,0.29,ME3
1391,YB8E_YEAST,0.56,0.71,0.47,0.21,0.5,0.0,0.52,0.22,MIT
1392,YB8G_YEAST,0.65,0.62,0.26,0.33,0.5,0.0,0.55,0.22,ME3
1393,YB8I_YEAST,0.77,0.7,0.37,0.12,0.5,0.0,0.49,0.26,ME1
1394,YCFI_YEAST,0.47,0.61,0.32,0.27,0.5,0.0,0.5,0.3,ME3
1395,YCK1_YEAST,0.71,0.51,0.49,0.23,0.5,0.0,0.3,0.32,ME2
1396,YCK2_YEAST,0.59,0.48,0.49,0.49,0.5,0.0,0.36,0.32,CYT
1397,YCA9_YEAST,0.58,0.63,0.52,0.7,0.5,0.0,0.46,0.22,MIT
1398,YCD8_YEAST,0.3,0.68,0.41,0.17,0.5,0.0,0.51,0.22,ME3
1399,YCG9_YEAST,0.74,0.73,0.32,0.2,0.5,0.0,0.55,0.22,ME1
1400,YCH0_YEAST,0.55,0.35,0.36,0.29,0.5,0.0,0.51,0.22,ME3
1401,YCQ0_YEAST,0.35,0.32,0.31,0.16,0.5,0.0,0.56,0.22,ME3
1402,YCQ7_YEAST,0.67,0.61,0.39,0.24,0.5,0.0,0.51,0.22,ME3
1403,YCR3_YEAST,0.69,0.57,0.39,0.19,0.5,0.0,0.48,0.39,ME2
1404,SYN_YEAST,0.47,0.41,0.53,0.27,0.5,0.0,0.47,0.25,MIT
1405,YCR8_YEAST,0.39,0.56,0.34,0.18,0.5,0.0,0.49,0.22,ME3
1406,YCS4_YEAST,0.51,0.38,0.42,0.21,0.5,0.0,0.46,0.34,ME3
1407,YCT8_YEAST,0.32,0.45,0.39,0.14,0.5,0.0,0.45,0.22,ME3
1408,YCV1_YEAST,0.75,0.73,0.35,0.33,0.5,0.0,0.49,0.28,ME1
1409,YCW2_YEAST,0.54,0.54,0.56,0.18,0.5,0.0,0.46,0.29,NUC
1410,YCX9_YEAST,0.71,0.64,0.42,0.28,0.5,0.0,0.43,0.22,EXC
1411,YCY8_YEAST,0.28,0.48,0.36,0.16,0.5,0.0,0.53,0.22,ME3
1412,YCZ6_YEAST,0.58,0.44,0.45,0.32,0.5,0.0,0.52,0.37,NUC
1413,YD66_YEAST,0.52,0.65,0.36,0.26,0.5,0.0,0.44,0.22,ME3
1414,MAS5_YEAST,0.64,0.44,0.56,0.15,0.5,0.0,0.56,0.22,CYT
1415,EF3_YEAST,0.48,0.58,0.47,0.17,0.5,0.0,0.53,0.74,CYT
1416,YEA6_YEAST,0.42,0.71,0.45,0.15,0.5,0.0,0.48,0.22,ME3
1417,YEP0_YEAST,0.38,0.37,0.36,0.14,0.5,0.0,0.54,0.22,ME3
1418,YE14_YEAST,0.4,0.4,0.44,0.37,0.5,0.0,0.53,0.25,NUC
1419,YGL1_YEAST,0.38,0.56,0.38,0.16,0.5,0.0,0.53,0.22,ME3
1420,YGP1_YEAST,0.8,0.79,0.43,0.25,0.5,0.0,0.52,0.22,EXC
1421,YHA8_YEAST,0.63,0.65,0.42,0.18,0.5,0.0,0.54,0.27,ME3
1422,YHA9_YEAST,0.47,0.4,0.63,0.19,0.5,0.0,0.52,0.32,NUC
1423,YHB7_YEAST,0.83,0.94,0.32,0.21,0.5,0.0,0.51,0.22,ME1
1424,YHC6_YEAST,0.61,0.76,0.3,0.16,0.5,0.0,0.45,0.41,ME3
1425,RIMI_YEAST,0.33,0.38,0.47,0.14,0.5,0.0,0.51,0.47,NUC
1426,YHD5_YEAST,0.38,0.67,0.33,0.17,0.5,0.0,0.51,0.22,ME3
1427,YHE0_YEAST,0.39,0.33,0.33,0.23,0.5,0.0,0.47,0.22,ME3
1428,YHF0_YEAST,0.5,0.63,0.45,0.13,0.5,0.0,0.45,0.32,ME3
1429,YHG2_YEAST,0.2,0.6,0.5,0.29,0.5,0.0,0.51,0.22,ME3
1430,YHI7_YEAST,0.29,0.26,0.43,0.17,0.5,0.0,0.55,0.3,ME3
1431,YHJ2_YEAST,0.51,0.46,0.41,0.36,0.5,0.0,0.49,0.22,ME3
1432,YHK5_YEAST,0.92,0.66,0.52,0.23,0.5,0.0,0.53,0.22,ME1
1433,YHK8_YEAST,0.49,0.56,0.37,0.2,0.5,0.0,0.53,0.22,ME3
1434,YHN8_YEAST,0.86,0.78,0.34,0.15,0.5,0.0,0.53,0.22,ME2
1435,YHP0_YEAST,0.38,0.44,0.57,0.14,0.5,0.0,0.53,0.52,NUC
1436,YHQ1_YEAST,0.72,0.73,0.41,0.28,0.5,0.0,0.44,0.22,ME1
1437,YHR0_YEAST,0.8,0.73,0.47,0.19,0.5,0.0,0.49,0.22,ME1
1438,YHT3_YEAST,0.49,0.55,0.35,0.23,0.5,0.0,0.57,0.22,ME3
1439,YHU0_YEAST,0.63,0.71,0.44,0.53,0.5,0.0,0.52,0.22,ME2
1440,YHU2_YEAST,0.6,0.68,0.3,0.27,0.5,0.0,0.55,0.22,ME3
1441,YHX8_YEAST,0.4,0.43,0.49,0.17,0.5,0.0,0.51,0.36,NUC
1442,YHY0_YEAST,0.82,0.63,0.47,0.18,0.5,0.0,0.5,0.22,POX
1443,YHY1_YEAST,0.77,0.68,0.35,0.19,0.5,0.0,0.53,0.43,ME1
1444,YIA6_YEAST,0.51,0.59,0.46,0.13,0.5,0.0,0.48,0.22,MIT
1445,YIB3_YEAST,0.52,0.46,0.34,0.2,0.5,0.0,0.51,0.25,ME3
1446,YIF2_YEAST,0.47,0.5,0.6,0.63,0.5,0.0,0.38,0.16,CYT
1447,YIG3_YEAST,0.34,0.24,0.51,0.15,0.5,0.0,0.54,0.4,NUC
1448,YIN0_YEAST,0.35,0.29,0.46,0.14,0.5,0.0,0.54,0.66,NUC
1449,YIN4_YEAST,0.58,0.67,0.49,0.16,0.5,0.0,0.47,0.28,MIT
1450,YIR3_YEAST,0.85,0.85,0.3,0.31,0.5,0.0,0.55,0.42,ME1
1451,YKJ5_YEAST,0.36,0.48,0.61,0.26,0.5,0.0,0.5,0.16,NUC
1452,YKA5_YEAST,0.41,0.25,0.59,0.44,0.5,0.0,0.6,0.69,NUC
1453,YKA8_YEAST,0.3,0.37,0.4,0.45,0.5,0.0,0.48,0.41,ME3
1454,MAOX_YEAST,0.57,0.59,0.49,0.86,0.5,0.0,0.47,0.22,NUC
1455,YKD8_YEAST,0.38,0.4,0.39,0.19,0.5,0.0,0.46,0.62,NUC
1456,YKE6_YEAST,0.77,0.74,0.37,0.29,0.5,0.0,0.45,0.22,ME1
1457,TCTP_YEAST,0.47,0.38,0.58,0.19,0.5,0.0,0.57,0.22,CYT
1458,PMT_YEAST,0.5,0.61,0.44,0.2,0.5,0.0,0.49,0.22,MIT
1459,YKM9_YEAST,0.41,0.45,0.46,0.23,0.5,0.0,0.5,0.7,CYT
1460,YKN4_YEAST,0.46,0.62,0.46,0.54,0.5,0.0,0.51,0.27,MIT
1461,YKS8_YEAST,0.74,0.75,0.45,0.44,0.5,0.0,0.52,0.22,POX
1462,ACP_YEAST,0.52,0.53,0.58,0.69,0.5,0.0,0.5,0.22,MIT
1463,YKW2_YEAST,0.41,0.47,0.5,0.14,0.5,0.0,0.53,0.37,NUC
1464,YKY8_YEAST,0.25,0.4,0.52,0.15,0.5,0.0,0.56,0.28,NUC
1465,YK44_YEAST,0.58,0.56,0.38,0.39,0.5,0.0,0.54,0.57,NUC
1466,YK68_YEAST,0.32,0.29,0.29,0.08,0.5,0.0,0.52,0.22,ME3
1467,RL13_YEAST,0.38,0.48,0.57,0.3,0.5,0.0,0.41,0.11,CYT
1468,YMC1_YEAST,0.39,0.58,0.47,0.18,0.5,0.0,0.48,0.22,MIT
1469,YMC2_YEAST,0.38,0.47,0.47,0.18,0.5,0.0,0.44,0.26,MIT
1470,YME1_YEAST,0.63,0.57,0.5,0.48,0.5,0.0,0.51,0.22,MIT
1471,RMR3_YEAST,0.51,0.45,0.62,0.25,0.5,0.0,0.59,0.22,MIT
1472,YOX1_YEAST,0.59,0.67,0.54,0.19,0.5,0.0,0.48,0.6,NUC
1473,YPT1_YEAST,0.6,0.61,0.54,0.11,0.5,0.0,0.46,0.22,CYT
1474,YP52_YEAST,0.48,0.61,0.57,0.17,0.5,0.0,0.45,0.22,CYT
1475,YP53_YEAST,0.71,0.5,0.5,0.18,0.5,0.0,0.46,0.22,CYT
1476,YPT7_YEAST,0.61,0.48,0.54,0.25,0.5,0.0,0.5,0.22,CYT
1477,R29A_YEAST,0.38,0.32,0.64,0.41,0.5,0.0,0.44,0.11,CYT
1478,R29B_YEAST,0.38,0.4,0.66,0.35,0.5,0.0,0.43,0.11,CYT
1479,YUR1_YEAST,0.81,0.62,0.43,0.17,0.5,0.0,0.53,0.22,ME2
1480,ZIP1_YEAST,0.47,0.43,0.61,0.4,0.5,0.0,0.48,0.47,NUC
1481,ZNRP_YEAST,0.67,0.57,0.36,0.19,0.5,0.0,0.56,0.22,ME2
1482,ZUO1_YEAST,0.43,0.4,0.6,0.16,0.5,0.0,0.53,0.39,NUC
1483,G6PD_YEAST,0.65,0.54,0.54,0.13,0.5,0.0,0.53,0.22,CYT
